;name;link;members
0;Recommendation Club;https://myanimelist.net/clubs.php?cid=20081;33324
1;MAL Updater 2.96 - Anime/Manga tracker;https://myanimelist.net/clubs.php?cid=907;30383
2;Harem&Ecchi Club;https://myanimelist.net/clubs.php?cid=63421;22157
3;The Newbie Club;https://myanimelist.net/clubs.php?cid=70668;20544
4;~Monia Caf√©~;https://myanimelist.net/clubs.php?cid=22714;19138
5;Brasil;https://myanimelist.net/clubs.php?cid=256;17807
6;The Friends Club;https://myanimelist.net/clubs.php?cid=75983;17519
7;Hatsune Miku - the Goddess ~FanClub~;https://myanimelist.net/clubs.php?cid=17888;16208
8;Slice of Life Club;https://myanimelist.net/clubs.php?cid=32683;15807
9;Shishio's Custom MyAnimelist;https://myanimelist.net/clubs.php?cid=19736;15275
10;Ecchi/Harem;https://myanimelist.net/clubs.php?cid=34838;13829
11;Namine's Caf√©;https://myanimelist.net/clubs.php?cid=39921;13257
12;GRAPH;https://myanimelist.net/clubs.php?cid=67199;12481
13;One Piece;https://myanimelist.net/clubs.php?cid=18051;11986
14;Ecchi Squad;https://myanimelist.net/clubs.php?cid=2056;11736
15;Winter & Spring 2023 ANIME;https://myanimelist.net/clubs.php?cid=27907;11190
16;Poland Club;https://myanimelist.net/clubs.php?cid=756;11079
17;„ÄêAnime Guild„Äë-„Äê2022 Anime Guild Awards„Äë;https://myanimelist.net/clubs.php?cid=63899;10885
18;ANIME RECOMMENDATION;https://myanimelist.net/clubs.php?cid=86742;10014
19;How to Watch Anime: Relaunched;https://myanimelist.net/clubs.php?cid=8711;9279
20;"""Not Yet Aired"" Club";https://myanimelist.net/clubs.php?cid=8652;8982
21;Headpats;https://myanimelist.net/clubs.php?cid=75378;8596
22;Naruto Club;https://myanimelist.net/clubs.php?cid=41;8115
23;Anime Watching Challenges Club [AWCc];https://myanimelist.net/clubs.php?cid=70446;7981
24;Anime Paradise Club (A.P.C.);https://myanimelist.net/clubs.php?cid=67029;7747
25;Clannad;https://myanimelist.net/clubs.php?cid=769;7737
26;Tsundere Club;https://myanimelist.net/clubs.php?cid=386;7403
27;Code Geass - Lelouch of the Rebellion;https://myanimelist.net/clubs.php?cid=3698;7392
28;Loners & Socially Awkward Club;https://myanimelist.net/clubs.php?cid=82703;6930
29;K-ON!;https://myanimelist.net/clubs.php?cid=10054;6844
30;Federaci√≥n Latino-Americana [F:L/A];https://myanimelist.net/clubs.php?cid=59181;6258
31;Fantasy Anime League;https://myanimelist.net/clubs.php?cid=379;6076
32;‚ô• Ecchi & Hentai ~‚ô•~ Lovers ‚ô•;https://myanimelist.net/clubs.php?cid=22305;5724
33;Bleach Fanclub;https://myanimelist.net/clubs.php?cid=2051;5628
34;Angel Beats!;https://myanimelist.net/clubs.php?cid=12532;5578
35;Evil Club œà;https://myanimelist.net/clubs.php?cid=80193;5498
36;BL Obsession;https://myanimelist.net/clubs.php?cid=16758;5335
37;Chill Club [Zoomers don't interact];https://myanimelist.net/clubs.php?cid=65215;5312
38;Fairy Tail;https://myanimelist.net/clubs.php?cid=13852;5306
39;Monster Girls <3;https://myanimelist.net/clubs.php?cid=27137;5220
40;Mobile Suit Gundam;https://myanimelist.net/clubs.php?cid=7397;5083
41;Female Badass!;https://myanimelist.net/clubs.php?cid=8378;5013
42;Big, Fat, Voluptuous, Round Anime Tiddies;https://myanimelist.net/clubs.php?cid=80767;5012
43;Yorozuya;https://myanimelist.net/clubs.php?cid=6663;4832
44;Monogatari Series;https://myanimelist.net/clubs.php?cid=9856;4802
45;~ Shoujo-Ai & Yuri ~;https://myanimelist.net/clubs.php?cid=494;4795
46;T√ºrkiye kul√ºb√º;https://myanimelist.net/clubs.php?cid=85302;4697
47;ùóßhe ùóñrib;https://myanimelist.net/clubs.php?cid=87002;4620
48;Sword Art Online;https://myanimelist.net/clubs.php?cid=26235;4542
49;Death Note;https://myanimelist.net/clubs.php?cid=158;4540
50;Hentai Society;https://myanimelist.net/clubs.php?cid=30619;4446
51;Neko-Mimi Lovers;https://myanimelist.net/clubs.php?cid=12868;4431
52;Bad Taste Virgins;https://myanimelist.net/clubs.php?cid=85281;4412
53;Indonesian Anime Lovers Club;https://myanimelist.net/clubs.php?cid=14230;4323
54;¬∞Àñ‚úß‚óù(‚Å∞‚ñø‚Å∞)‚óúVOMIC - ¬∞Àñ‚úß‚óù(‚Å∞‚ñø‚Å∞)‚óú‚úßÀñ¬∞;https://myanimelist.net/clubs.php?cid=21716;4290
55;Music Addicts;https://myanimelist.net/clubs.php?cid=18;4226
56;Summer 2017 Anime Group;https://myanimelist.net/clubs.php?cid=743;4185
57;-Accumulative Claim- [DEAD];https://myanimelist.net/clubs.php?cid=17047;4178
58;~ Ecchi 4ever ~;https://myanimelist.net/clubs.php?cid=9149;4176
59;Shinra Inc.;https://myanimelist.net/clubs.php?cid=6316;4138
60;russian animefans!;https://myanimelist.net/clubs.php?cid=2823;4109
61;Romantic Comedy Anime (RCA<3);https://myanimelist.net/clubs.php?cid=36987;4033
62;Suzumiya Haruhi no Y≈´utsu;https://myanimelist.net/clubs.php?cid=79;3957
63;All the Hot Guys from A&M (AHG);https://myanimelist.net/clubs.php?cid=838;3776
64;Japanese Language and Culture Club;https://myanimelist.net/clubs.php?cid=5821;3770
65;Kuudere, Dandere & Emotionless Girls Lovers;https://myanimelist.net/clubs.php?cid=9188;3737
66;[HIATUS] Yukiyo Club‚ô• (YC);https://myanimelist.net/clubs.php?cid=27187;3716
67;Anime Recommendation and Help Center;https://myanimelist.net/clubs.php?cid=9407;3676
68;The Kohai Army;https://myanimelist.net/clubs.php?cid=66271;3658
69;Animanga Card Empire (A.C.E) ‚ú¶ ‚úß;https://myanimelist.net/clubs.php?cid=38603;3644
70;Kuroko no Basket FC;https://myanimelist.net/clubs.php?cid=30039;3623
71;I ‚ô• Yuri & Shoujo Ai;https://myanimelist.net/clubs.php?cid=33089;3592
72;Isekai;https://myanimelist.net/clubs.php?cid=76804;3580
73;Karin (Chibi Vampire) Fan Club;https://myanimelist.net/clubs.php?cid=297;3543
74;MAL Score Progressions;https://myanimelist.net/clubs.php?cid=59197;3494
75;Old School Anime Club;https://myanimelist.net/clubs.php?cid=18611;3479
76;The Vongola Mafia Famiglia;https://myanimelist.net/clubs.php?cid=8883;3426
77;The Fate T. Harlaown Goddess Fanclub.‚ÄÆ‚Ä´;https://myanimelist.net/clubs.php?cid=772;3401
78;Yandere and Yangire Appreciation Club;https://myanimelist.net/clubs.php?cid=9724;3387
79;One Piece Fanclub;https://myanimelist.net/clubs.php?cid=9;3345
80;Indian Otaku Club;https://myanimelist.net/clubs.php?cid=85290;3340
81;Seto no Hanayome;https://myanimelist.net/clubs.php?cid=6997;3245
82;Silver, White, Grey-Haired Characters Fanclub!;https://myanimelist.net/clubs.php?cid=1486;3225
83;Kuroshitsuji Central;https://myanimelist.net/clubs.php?cid=9601;3218
84;20+;https://myanimelist.net/clubs.php?cid=25565;3194
85;Beautiful Romance;https://myanimelist.net/clubs.php?cid=2590;3168
86;Reverse Harem Club;https://myanimelist.net/clubs.php?cid=688;3152
87;Toradora! Official Fanclub!;https://myanimelist.net/clubs.php?cid=5545;3085
88;Hidden Gems of Manga;https://myanimelist.net/clubs.php?cid=8776;3057
89;NERV Center: Neon Genesis Evangelion fan club;https://myanimelist.net/clubs.php?cid=418;2987
90;The Mad Scientists;https://myanimelist.net/clubs.php?cid=32263;2970
91;[INACTIVE] GoldenWitch's Cardshop (G.W.C.S) ‚òÜ ‚òÖ;https://myanimelist.net/clubs.php?cid=32573;2932
92;BL Addicts!;https://myanimelist.net/clubs.php?cid=25469;2925
93;Visual Novel Petition Club;https://myanimelist.net/clubs.php?cid=4364;2922
94;Dark Anime Club;https://myanimelist.net/clubs.php?cid=413;2877
95;All the Hot Girls in Anime #1;https://myanimelist.net/clubs.php?cid=1775;2856
96;Anime romance;https://myanimelist.net/clubs.php?cid=85342;2852
97;Candy Kingdom üç≠;https://myanimelist.net/clubs.php?cid=71774;2827
98;Webtoons;https://myanimelist.net/clubs.php?cid=29973;2813
99;Cute Girls Doing Cute Things;https://myanimelist.net/clubs.php?cid=27093;2778
100;Filipino Anime Lovers Club (FALC);https://myanimelist.net/clubs.php?cid=4537;2747
101;Spanish / Espa√±ol / Latino / LATAM ( MAL Hispano );https://myanimelist.net/clubs.php?cid=85421;2746
102;Studio Ghibli;https://myanimelist.net/clubs.php?cid=4543;2727
103;Random Cards Club (R.C.C);https://myanimelist.net/clubs.php?cid=20278;2724
104;[Romantic Conquest]The Biggest Club on MAL!!;https://myanimelist.net/clubs.php?cid=14814;2699
105;English Dub Fanclub;https://myanimelist.net/clubs.php?cid=807;2670
106;MAL's Top 10 Anime;https://myanimelist.net/clubs.php?cid=63259;2662
107;Hunter X Hunter Fanclub;https://myanimelist.net/clubs.php?cid=50;2622
108;Mio Akiyama FC;https://myanimelist.net/clubs.php?cid=10880;2590
109;Durarara!! Fanclub;https://myanimelist.net/clubs.php?cid=13469;2572
110;Type-Moon;https://myanimelist.net/clubs.php?cid=285;2571
111;PlayStation Players Club;https://myanimelist.net/clubs.php?cid=122;2562
112;Globalüåê;https://myanimelist.net/clubs.php?cid=87004;2532
113;Soul Eater Club;https://myanimelist.net/clubs.php?cid=3155;2532
114;Fang-tan;https://myanimelist.net/clubs.php?cid=9560;2527
115;Shingeki no Kyojin FC;https://myanimelist.net/clubs.php?cid=35833;2512
116;18+ Lovers of Anime and Manga;https://myanimelist.net/clubs.php?cid=22512;2506
117;üçìRaspberry's Wonderland Expressüçì;https://myanimelist.net/clubs.php?cid=37011;2495
118;closed || ‚ú© silver stars ‚ú©;https://myanimelist.net/clubs.php?cid=79697;2481
119;JoJo's Bizarre Adventure Club;https://myanimelist.net/clubs.php?cid=15152;2475
120;Holland's Anime and Manga Club;https://myanimelist.net/clubs.php?cid=21349;2467
121;Aisaka Taiga Fanclub;https://myanimelist.net/clubs.php?cid=5785;2462
122;O—è‡πÄg‡πÄŒ∑Œ±l<-‚òÜ->AŒ∑‡πÄ–ºŒµ HœÉ—Ç—Çz<-‚òÜ->;https://myanimelist.net/clubs.php?cid=7714;2459
123;Cutest! Sexiest! Ecchiest! Anime Girls!!!;https://myanimelist.net/clubs.php?cid=20243;2455
124;The Anime Uber-Elitist Club;https://myanimelist.net/clubs.php?cid=35120;2454
125;Mecha Kingdom „É°„Ç´ÁéãÂõΩ;https://myanimelist.net/clubs.php?cid=5946;2442
126;Higurashi no Naku Koro ni;https://myanimelist.net/clubs.php?cid=126;2409
127;Konata fan club;https://myanimelist.net/clubs.php?cid=718;2404
128;How to Find Anime;https://myanimelist.net/clubs.php?cid=8788;2400
129;Discussion Club‚úî;https://myanimelist.net/clubs.php?cid=86810;2394
130;Spice and Wolf;https://myanimelist.net/clubs.php?cid=1644;2382
131;Izaya Orihara Fanclub;https://myanimelist.net/clubs.php?cid=17903;2358
132;On Goings Club;https://myanimelist.net/clubs.php?cid=11280;2322
133;Anime Afterlife;https://myanimelist.net/clubs.php?cid=29299;2318
134;Ouran High School Host Club Fan;https://myanimelist.net/clubs.php?cid=11;2272
135;Club de Anime y Manga en Espa√±ol [CAME];https://myanimelist.net/clubs.php?cid=1247;2266
136;Shoujo Wonderland-Â∞ëÂ•≥„Ç¢„Éã„É°„Å®Êº´ÁîªÂ§ßÂ•Ω„Åç;https://myanimelist.net/clubs.php?cid=689;2262
137;Ao Haru Ride Fanclub;https://myanimelist.net/clubs.php?cid=27051;2250
138;ErenYeager_69 Fan Club;https://myanimelist.net/clubs.php?cid=5511;2238
139;Fullmetal Alchemist Fanclub;https://myanimelist.net/clubs.php?cid=52;2215
140;Katekyo Hitman Reborn! FC;https://myanimelist.net/clubs.php?cid=18111;2211
141;Harem Club;https://myanimelist.net/clubs.php?cid=145;2209
142;Dragon Ball Club;https://myanimelist.net/clubs.php?cid=161;2204
143;Anime Friends Forever;https://myanimelist.net/clubs.php?cid=35921;2201
144;Barajou no Kiss Fanclub;https://myanimelist.net/clubs.php?cid=16534;2190
145;L Fangirl Alliance;https://myanimelist.net/clubs.php?cid=4757;2179
146;Hidden Gems of Anime;https://myanimelist.net/clubs.php?cid=57607;2171
147;Anime art that r0cks!!;https://myanimelist.net/clubs.php?cid=1785;2150
148;Suzumiya Haruhi Fan Club;https://myanimelist.net/clubs.php?cid=399;2149
149;>>VOCALOIDs<<;https://myanimelist.net/clubs.php?cid=5341;2145
150;The Shonen Club;https://myanimelist.net/clubs.php?cid=86711;2141
151;The ANTI GIRLY UKE Yaoi Club;https://myanimelist.net/clubs.php?cid=9559;2129
152;Invite Everyone!;https://myanimelist.net/clubs.php?cid=87265;2127
153;Cutest Girls of Anime;https://myanimelist.net/clubs.php?cid=19695;2098
154;[Romantic Conquest]The Four Tsundere Wonders;https://myanimelist.net/clubs.php?cid=6499;2097
155;Shakugan no Shana;https://myanimelist.net/clubs.php?cid=226;2091
156;Kurakumi;https://myanimelist.net/clubs.php?cid=67585;2088
157;‚òÜ‚òÜ‚òÜ The Donald Trump Fan Club ‚òÜ‚òÜ‚òÜ;https://myanimelist.net/clubs.php?cid=44237;2088
158;Luffy Fanclub;https://myanimelist.net/clubs.php?cid=10818;2085
159;Kimi ni Todoke Fanclub;https://myanimelist.net/clubs.php?cid=4273;2073
160;[Romantic Conquest]Saber Fan Club;https://myanimelist.net/clubs.php?cid=1427;2046
161;Tentacles - Fast, Effective, Penetratingly Awesome!;https://myanimelist.net/clubs.php?cid=2774;2039
162;Kanon;https://myanimelist.net/clubs.php?cid=1776;2018
163;Fuck Gabi, all my homies hate Gabi;https://myanimelist.net/clubs.php?cid=80779;2013
164;Lucky‚òÖChannel;https://myanimelist.net/clubs.php?cid=108;2008
165;The English dub Anime Community aka T.E.D.A.C;https://myanimelist.net/clubs.php?cid=85667;2000
166;Anime Alliance Club ÔΩûÔº° Ôº°Ôº£ ‚óè;https://myanimelist.net/clubs.php?cid=37977;1984
167;MAL Welcoming Club;https://myanimelist.net/clubs.php?cid=10608;1980
168;C.C. Fanclub~;https://myanimelist.net/clubs.php?cid=1091;1972
169;Pandora Hearts;https://myanimelist.net/clubs.php?cid=8681;1969
170;#*~The Blue Haired Anime Characters Club ~*#;https://myanimelist.net/clubs.php?cid=2465;1958
171;Hirasawa Yui Fanclub;https://myanimelist.net/clubs.php?cid=10763;1957
172;‚ô• Baka Nation ‚ô•;https://myanimelist.net/clubs.php?cid=8845;1954
173;The Infernal Palace;https://myanimelist.net/clubs.php?cid=68069;1952
174;MAL Central;https://myanimelist.net/clubs.php?cid=68552;1936
175;‚ôõANIME KINGDOM‚ôõ(SEMI-ACTIVE);https://myanimelist.net/clubs.php?cid=81901;1927
176;MALgraph v4;https://myanimelist.net/clubs.php?cid=30017;1922
177;The Shorts Club;https://myanimelist.net/clubs.php?cid=14045;1919
178;Tengen Toppa Gurren Lagann;https://myanimelist.net/clubs.php?cid=163;1901
179;The True Badass Club;https://myanimelist.net/clubs.php?cid=4122;1895
180;Casual Discussion 2.0;https://myanimelist.net/clubs.php?cid=67310;1886
181;Natsume Yuujinchou Fanclub;https://myanimelist.net/clubs.php?cid=5553;1877
182;Erza Scarlet;https://myanimelist.net/clubs.php?cid=6178;1874
183;Anime Experience;https://myanimelist.net/clubs.php?cid=15638;1872
184;iCards;https://myanimelist.net/clubs.php?cid=31107;1867
185;Fans of Sports Anime and Manga;https://myanimelist.net/clubs.php?cid=149;1864
186;Hot Black Haired Characters;https://myanimelist.net/clubs.php?cid=16962;1860
187;Fancy Fangirls // CLOSED;https://myanimelist.net/clubs.php?cid=67928;1858
188;DARK AND BRUTAL ANIME CLUB;https://myanimelist.net/clubs.php?cid=29065;1858
189;Lelouch Lamperouge Fanclub;https://myanimelist.net/clubs.php?cid=1237;1843
190;The Claymore Club;https://myanimelist.net/clubs.php?cid=231;1842
191;Kaichou wa Maid-sama!;https://myanimelist.net/clubs.php?cid=14072;1841
192;Supreme Seireitei;https://myanimelist.net/clubs.php?cid=4152;1833
193;Traps and Reverse Traps;https://myanimelist.net/clubs.php?cid=627;1826
194;Request a Signature / Avatar / Profile Picture Club;https://myanimelist.net/clubs.php?cid=8947;1807
195;One Punch-Man;https://myanimelist.net/clubs.php?cid=36599;1799
196;MAL's Official Sebastian Michaelis Fanclub;https://myanimelist.net/clubs.php?cid=8773;1796
197;Pink-Haired Princesses;https://myanimelist.net/clubs.php?cid=973;1793
198;Twintail Characters Club;https://myanimelist.net/clubs.php?cid=3096;1782
199;Lord Gintoki: The Lazy Samurai with A Silver Soul FC;https://myanimelist.net/clubs.php?cid=19023;1777
200;Special A;https://myanimelist.net/clubs.php?cid=1802;1776
201;For God's sake bring back downvoting so we can filter bad reviews from good ones;https://myanimelist.net/clubs.php?cid=26244;1766
202;Mahou Shoujo Madoka‚òÖMagica;https://myanimelist.net/clubs.php?cid=25206;1762
203;GL Addicts!;https://myanimelist.net/clubs.php?cid=27057;1745
204;¬∫¬∞ Shizuo & Izaya Fanclub ¬∞¬∫;https://myanimelist.net/clubs.php?cid=18796;1745
205;seinen & josei;https://myanimelist.net/clubs.php?cid=605;1745
206;Italiani su MAL;https://myanimelist.net/clubs.php?cid=658;1736
207;Black‚òÖRock Shooter;https://myanimelist.net/clubs.php?cid=14164;1733
208;‚òÜ Arab AnimeFans ‚òÜ;https://myanimelist.net/clubs.php?cid=25234;1728
209;The Bishounen Lovers Alliance ‚ô•;https://myanimelist.net/clubs.php?cid=10414;1726
210;Kallen Stadtfeld/Kozuki Fans;https://myanimelist.net/clubs.php?cid=3017;1725
211;The (Not so) Secret Pervert Union;https://myanimelist.net/clubs.php?cid=34862;1724
212;Loli Paradise;https://myanimelist.net/clubs.php?cid=59057;1721
213;Death Note Fanclub;https://myanimelist.net/clubs.php?cid=10221;1720
214;BLAST ~Black Stones~ FC;https://myanimelist.net/clubs.php?cid=14876;1716
215;All Anime Fan Club [German];https://myanimelist.net/clubs.php?cid=21116;1713
216;All the Hot Girls in Anime #2;https://myanimelist.net/clubs.php?cid=5179;1709
217;üêæ Neko Pub üêæ;https://myanimelist.net/clubs.php?cid=67749;1706
218;Official MAL All-around Fate/Grand Order & Type-Moon Club.;https://myanimelist.net/clubs.php?cid=68293;1705
219;Member Cards Addiction;https://myanimelist.net/clubs.php?cid=31243;1700
220;Azusa Nakano Fanclub;https://myanimelist.net/clubs.php?cid=11323;1698
221;Rosario+Vampire;https://myanimelist.net/clubs.php?cid=1934;1696
222;Vampire Knight Manga Club;https://myanimelist.net/clubs.php?cid=3326;1694
223;Weeb Squad IR;https://myanimelist.net/clubs.php?cid=81804;1690
224;Take a Poll Club;https://myanimelist.net/clubs.php?cid=11628;1684
225;Anime MILFs & Mature Women Fan Club;https://myanimelist.net/clubs.php?cid=7538;1677
226;Negima;https://myanimelist.net/clubs.php?cid=1924;1666
227;Anime Fans;https://myanimelist.net/clubs.php?cid=32595;1657
228;Dance in the Vampire Bund;https://myanimelist.net/clubs.php?cid=15366;1657
229;D.Gray-Man Fanclub;https://myanimelist.net/clubs.php?cid=14;1654
230;Kawaii :‚ô•;https://myanimelist.net/clubs.php?cid=8572;1652
231;Polski Klub Mi≈Ço≈õnik√≥w Anime;https://myanimelist.net/clubs.php?cid=4713;1647
232;Horror Anime Fanclub;https://myanimelist.net/clubs.php?cid=1442;1647
233;Final Fantasy Fans Unite!;https://myanimelist.net/clubs.php?cid=150;1647
234;Official Indian Anime Club;https://myanimelist.net/clubs.php?cid=67649;1624
235;Full Metal Panic!;https://myanimelist.net/clubs.php?cid=71;1622
236;Carmine Sky ‚ò© The Dark Citadel ‚ò©;https://myanimelist.net/clubs.php?cid=72031;1618
237;Code Anime;https://myanimelist.net/clubs.php?cid=77705;1617
238;The Band of the Hawk;https://myanimelist.net/clubs.php?cid=430;1614
239;*Vessel Of Villains*;https://myanimelist.net/clubs.php?cid=3516;1597
240;CLAMP Club;https://myanimelist.net/clubs.php?cid=69;1591
241;Beautiful Blonde Boys;https://myanimelist.net/clubs.php?cid=1133;1589
242;Vocaloid;https://myanimelist.net/clubs.php?cid=1566;1587
243;Kanade Tachibana;https://myanimelist.net/clubs.php?cid=19106;1586
244;International Saimoe League / ISML;https://myanimelist.net/clubs.php?cid=9390;1579
245;Taiga;https://myanimelist.net/clubs.php?cid=21400;1566
246;Ikuto Tsukiyomi Fanclub;https://myanimelist.net/clubs.php?cid=1655;1557
247;S.L.H - Stray Love Hearts Fanclub;https://myanimelist.net/clubs.php?cid=16825;1536
248;MAL Bunkasai ~Our School Festival~;https://myanimelist.net/clubs.php?cid=87055;1524
249;Fruits Basket;https://myanimelist.net/clubs.php?cid=36;1522
250;Save our Doujinshi!;https://myanimelist.net/clubs.php?cid=6087;1520
251;Purple Hair Club;https://myanimelist.net/clubs.php?cid=1259;1501
252;Canon pairings in Anime;https://myanimelist.net/clubs.php?cid=2854;1490
253;Air;https://myanimelist.net/clubs.php?cid=1465;1480
254;Fairy Tail and Hiro Mashima Fanclub;https://myanimelist.net/clubs.php?cid=435;1478
255;Not For Sensitive People [NFSP]‚Ñ¢;https://myanimelist.net/clubs.php?cid=86734;1475
256;**Kyoto Animation Fan Club**;https://myanimelist.net/clubs.php?cid=19347;1471
257;Yaoi addicts unite!;https://myanimelist.net/clubs.php?cid=4220;1469
258;Bleach Club;https://myanimelist.net/clubs.php?cid=34;1469
259;DOLLARS;https://myanimelist.net/clubs.php?cid=19241;1463
260;Town Square Club [TSC];https://myanimelist.net/clubs.php?cid=20942;1461
261;Booty Culture;https://myanimelist.net/clubs.php?cid=81231;1457
262;Planetes Fan Club;https://myanimelist.net/clubs.php?cid=652;1455
263;Love Live! School Idol Project Series;https://myanimelist.net/clubs.php?cid=31801;1453
264;Asian Drama Addicts;https://myanimelist.net/clubs.php?cid=64;1453
265;Tomoyo Sakagami Fanclub!;https://myanimelist.net/clubs.php?cid=1437;1450
266;EGOIST/Chelly Fan Club;https://myanimelist.net/clubs.php?cid=35941;1448
267;Roronoa Zoro Fanclub;https://myanimelist.net/clubs.php?cid=4989;1442
268;Shuffle!;https://myanimelist.net/clubs.php?cid=40;1440
269;Claim your Current Character Obsession [C.C.O.];https://myanimelist.net/clubs.php?cid=16091;1438
270;hardcore violence and gore;https://myanimelist.net/clubs.php?cid=1812;1438
271;Darkness! | [ c l o s e d ];https://myanimelist.net/clubs.php?cid=68833;1433
272;Ethereal Realm;https://myanimelist.net/clubs.php?cid=68592;1429
273;Student x Teacher Relationships;https://myanimelist.net/clubs.php?cid=7723;1424
274;Detective Conan;https://myanimelist.net/clubs.php?cid=2418;1424
275;Official Shizuo Heiwajima Fan Club;https://myanimelist.net/clubs.php?cid=18607;1413
276;Louise de la Valli√®re Fanclub;https://myanimelist.net/clubs.php?cid=9637;1409
277;The Kugimiya Rie Club;https://myanimelist.net/clubs.php?cid=797;1408
278;Mobile Suit Gundam 00 Fanclub;https://myanimelist.net/clubs.php?cid=8986;1407
279;Anime Familia;https://myanimelist.net/clubs.php?cid=38335;1400
280;Claim a tsundere!;https://myanimelist.net/clubs.php?cid=28743;1397
281;Rena Ryuugu Fanclub;https://myanimelist.net/clubs.php?cid=645;1397
282;Card Dreamland {Hiatus};https://myanimelist.net/clubs.php?cid=28583;1392
283;Nana Osaki Shrine;https://myanimelist.net/clubs.php?cid=13428;1390
284;Girls With Guns FC;https://myanimelist.net/clubs.php?cid=16895;1387
285;Cowboy Bebop;https://myanimelist.net/clubs.php?cid=1;1387
286;Official MAL API;https://myanimelist.net/clubs.php?cid=13727;1383
287;Touhou Cards Club (T.C.C.) [INACTIVE];https://myanimelist.net/clubs.php?cid=32091;1382
288;We Luv Anime Guys;https://myanimelist.net/clubs.php?cid=15706;1376
289;Fans of Gender Bending/Gender Swapping;https://myanimelist.net/clubs.php?cid=10804;1375
290;AnimePT;https://myanimelist.net/clubs.php?cid=669;1373
291;Tomboy/ Feminist Anime Girls Club;https://myanimelist.net/clubs.php?cid=5527;1371
292;Fate/stay night;https://myanimelist.net/clubs.php?cid=193;1371
293;Unusual is Better;https://myanimelist.net/clubs.php?cid=2140;1365
294;Gintama Fanclub;https://myanimelist.net/clubs.php?cid=130;1365
295;Fullmetal Alchemist Brotherhood;https://myanimelist.net/clubs.php?cid=11099;1364
296;Samurai & Ninja Club;https://myanimelist.net/clubs.php?cid=1674;1355
297;The World God Only Knows;https://myanimelist.net/clubs.php?cid=5999;1354
298;Kuroshitsuji Club;https://myanimelist.net/clubs.php?cid=6294;1347
299;The Anime Club;https://myanimelist.net/clubs.php?cid=86710;1345
300;Umineko no Naku Koro ni;https://myanimelist.net/clubs.php?cid=1791;1345
301;Axis Powers Hetalia Club;https://myanimelist.net/clubs.php?cid=6455;1341
302;Hitagi Senj≈çgahara Fanclub.;https://myanimelist.net/clubs.php?cid=12366;1340
303;T√ºrkiye Anime Kul√ºb√º üáπüá∑üáØüáµ;https://myanimelist.net/clubs.php?cid=85337;1338
304;Girls Dead Monster! Official FC;https://myanimelist.net/clubs.php?cid=20296;1331
305;Ouran High School Host Club Season 2 Petition;https://myanimelist.net/clubs.php?cid=14268;1328
306;International Hikikomori Kyoukai;https://myanimelist.net/clubs.php?cid=335;1324
307;Asuka Fanclub;https://myanimelist.net/clubs.php?cid=6656;1322
308;Hanazawa Kana's Fans!;https://myanimelist.net/clubs.php?cid=20608;1320
309;‚ùù Manhwa Fanatics ‚ùû;https://myanimelist.net/clubs.php?cid=3390;1318
310;Ponytail/Pigtail Fan Club;https://myanimelist.net/clubs.php?cid=14441;1316
311;MAL Profiles Club;https://myanimelist.net/clubs.php?cid=4354;1316
312;InuYasha Fan Club;https://myanimelist.net/clubs.php?cid=443;1314
313;Mindfuck-Club;https://myanimelist.net/clubs.php?cid=1475;1311
314;~Honorable Villains~;https://myanimelist.net/clubs.php?cid=2895;1310
315;Key/Visual Art's;https://myanimelist.net/clubs.php?cid=14435;1309
316;Ritsu Tainaka FanClub;https://myanimelist.net/clubs.php?cid=10883;1306
317;--Hibari-sama's Fanclub--;https://myanimelist.net/clubs.php?cid=9266;1300
318;Highschool of the Dead;https://myanimelist.net/clubs.php?cid=460;1295
319;Incest Club;https://myanimelist.net/clubs.php?cid=3108;1292
320;Sweet Hentai;https://myanimelist.net/clubs.php?cid=5070;1289
321;‚úø Yagate Kimi ni Naru / Bloom Into You Fan Club ‚úø;https://myanimelist.net/clubs.php?cid=76435;1288
322;Ôº¨ÔΩïÔΩòÔΩïÔΩíÔΩâÔΩÅ;https://myanimelist.net/clubs.php?cid=68090;1288
323;Kuroko no Basket;https://myanimelist.net/clubs.php?cid=30511;1284
324;Rin Okumura Fanclub;https://myanimelist.net/clubs.php?cid=26087;1280
325;Romance Anime/Manga Fanatics;https://myanimelist.net/clubs.php?cid=11810;1279
326;Auu~ Makoto-ism;https://myanimelist.net/clubs.php?cid=5860;1274
327;We Love Hinagiku!;https://myanimelist.net/clubs.php?cid=493;1274
328;[CLOSED] The Otaku Organisation;https://myanimelist.net/clubs.php?cid=69406;1268
329;BL Categories;https://myanimelist.net/clubs.php?cid=64845;1263
330;Zero no Tsukaima;https://myanimelist.net/clubs.php?cid=271;1263
331;Finland Club;https://myanimelist.net/clubs.php?cid=8092;1260
332;~*Chibi FanClub*~;https://myanimelist.net/clubs.php?cid=9854;1259
333;My Holy Family;https://myanimelist.net/clubs.php?cid=87212;1256
334;Megane Men Fanclub;https://myanimelist.net/clubs.php?cid=2544;1254
335;SUBS FUCKING WHERE?;https://myanimelist.net/clubs.php?cid=7373;1250
336;Kurisu Makise Fanclub;https://myanimelist.net/clubs.php?cid=23076;1248
337;Blonde Hair Club;https://myanimelist.net/clubs.php?cid=14945;1244
338;How to Read Manga!;https://myanimelist.net/clubs.php?cid=9261;1244
339;Ka~ Cards Club;https://myanimelist.net/clubs.php?cid=19531;1243
340;MAL HUNGARY;https://myanimelist.net/clubs.php?cid=474;1240
341;Member Cards Obsession ‚ô•;https://myanimelist.net/clubs.php?cid=20768;1238
342;Toaru Majutsu no Index;https://myanimelist.net/clubs.php?cid=5577;1237
343;Hayate the Combat Butler!;https://myanimelist.net/clubs.php?cid=380;1236
344;Depressed Weebs;https://myanimelist.net/clubs.php?cid=80379;1233
345;Dere Girls Alliance;https://myanimelist.net/clubs.php?cid=34121;1232
346;‚úß Sweet 'n Sour ‚úß;https://myanimelist.net/clubs.php?cid=81708;1229
347;- ~ Miyano Mamoru Fanclub ~ -;https://myanimelist.net/clubs.php?cid=1365;1227
348;Les Champs Animes;https://myanimelist.net/clubs.php?cid=358;1224
349;One Shot Fans;https://myanimelist.net/clubs.php?cid=4026;1220
350;Nanoha Takamachi Fanclub;https://myanimelist.net/clubs.php?cid=1388;1211
351;A Couple of Cuckoos official MAL club;https://myanimelist.net/clubs.php?cid=86971;1209
352;Aria - FanClub;https://myanimelist.net/clubs.php?cid=232;1209
353;Mami Hate Club;https://myanimelist.net/clubs.php?cid=79711;1208
354;CAVE Fanclub;https://myanimelist.net/clubs.php?cid=196;1206
355;‚ô•Yuuichi Nakamura Fanclub‚ô•;https://myanimelist.net/clubs.php?cid=14122;1205
356;Purple and Blue Haired Characters;https://myanimelist.net/clubs.php?cid=20892;1204
357;SHuGo CHaRA!;https://myanimelist.net/clubs.php?cid=895;1204
358;Light Novels Alliance!;https://myanimelist.net/clubs.php?cid=63591;1203
359;Valkyria Chronicles;https://myanimelist.net/clubs.php?cid=7799;1198
360;‚òÖ Anime Research Club ‚òÖ [Inactive];https://myanimelist.net/clubs.php?cid=40445;1191
361;Future Gadget Laboratory;https://myanimelist.net/clubs.php?cid=27337;1188
362;Gray Fullbuster Fanclub;https://myanimelist.net/clubs.php?cid=14144;1186
363;osu!-club;https://myanimelist.net/clubs.php?cid=33605;1182
364;‚ô• Skip Beat FC General Discussion ‚ô•;https://myanimelist.net/clubs.php?cid=1540;1180
365;MAL-Badges;https://myanimelist.net/clubs.php?cid=74510;1178
366;ef - a tale of memories;https://myanimelist.net/clubs.php?cid=1034;1178
367;Nyu Lucy 'Nyucy' Fanclub.;https://myanimelist.net/clubs.php?cid=1127;1176
368;Le coin des francophones;https://myanimelist.net/clubs.php?cid=64995;1169
369;Enchanted Pixels;https://myanimelist.net/clubs.php?cid=67153;1167
370;Darker Than BLACK;https://myanimelist.net/clubs.php?cid=74;1163
371;Anime & Manga Recommendation;https://myanimelist.net/clubs.php?cid=15696;1157
372;Headphones;https://myanimelist.net/clubs.php?cid=5666;1156
373;Haikyuu!! Fanclub;https://myanimelist.net/clubs.php?cid=33731;1154
374;MAL Theme Club;https://myanimelist.net/clubs.php?cid=7367;1146
375;Red Eyes Fanclub;https://myanimelist.net/clubs.php?cid=5625;1140
376;Hatake Kakashi Fan Club;https://myanimelist.net/clubs.php?cid=250;1139
377;Hayao Miyazaki Fan Club;https://myanimelist.net/clubs.php?cid=2189;1138
378;SOL Brigade;https://myanimelist.net/clubs.php?cid=2;1131
379;Anime Cafe;https://myanimelist.net/clubs.php?cid=73113;1129
380;T√ºrkiye;https://myanimelist.net/clubs.php?cid=13184;1124
381;The Fukuyama Jun Fanclub;https://myanimelist.net/clubs.php?cid=3706;1120
382;Tenshiholics Anonymous;https://myanimelist.net/clubs.php?cid=21613;1119
383;We love Bishies!;https://myanimelist.net/clubs.php?cid=25821;1115
384;Yuuki x Zero Fanclub;https://myanimelist.net/clubs.php?cid=12476;1112
385;Cogito Ergo Sum - Philosophy In Anime and Manga;https://myanimelist.net/clubs.php?cid=11044;1111
386;Polski FC Bishounen√≥w. ^^;https://myanimelist.net/clubs.php?cid=12736;1110
387;New Friends Club;https://myanimelist.net/clubs.php?cid=10550;1110
388;Club Of Culture;https://myanimelist.net/clubs.php?cid=77431;1106
389;Neighbour's Club;https://myanimelist.net/clubs.php?cid=26182;1103
390;Black-Haired Characters Fanclub.;https://myanimelist.net/clubs.php?cid=1484;1102
391;White Haired Boys FC;https://myanimelist.net/clubs.php?cid=17403;1100
392;Tsundere Males (Oranyan) Fan Club.;https://myanimelist.net/clubs.php?cid=5380;1100
393;The Paradise Inn;https://myanimelist.net/clubs.php?cid=74201;1092
394;MALCHAT;https://myanimelist.net/clubs.php?cid=22325;1090
395;MAL Interviews;https://myanimelist.net/clubs.php?cid=66976;1088
396;The Swedish Club (Den Svenska Klubben);https://myanimelist.net/clubs.php?cid=467;1088
397;Romanian Anime Fans;https://myanimelist.net/clubs.php?cid=30759;1086
398;Rurouni Kenshin;https://myanimelist.net/clubs.php?cid=1253;1081
399;Jinchuuriki cards club {J.C.C.};https://myanimelist.net/clubs.php?cid=21805;1078
400;Code Geass;https://myanimelist.net/clubs.php?cid=10;1076
401;Alucard Fan Group;https://myanimelist.net/clubs.php?cid=9332;1072
402;Misaka Mikoto Club;https://myanimelist.net/clubs.php?cid=7882;1072
403;~D.Gray-Man Fanclub~;https://myanimelist.net/clubs.php?cid=19070;1071
404;The Eye Patches Are Sexy Club;https://myanimelist.net/clubs.php?cid=1131;1070
405;Strongest Disciple Kenichi Fanclub;https://myanimelist.net/clubs.php?cid=367;1068
406;Horror Manga;https://myanimelist.net/clubs.php?cid=1105;1067
407;. Reiicchi's Crafted Workshop .;https://myanimelist.net/clubs.php?cid=34447;1066
408;Yoko Fanclub;https://myanimelist.net/clubs.php?cid=98;1066
409;Yuri is the Ultimate <3;https://myanimelist.net/clubs.php?cid=47;1064
410;Ichigo x Rukia;https://myanimelist.net/clubs.php?cid=617;1063
411;Durarara!!;https://myanimelist.net/clubs.php?cid=16276;1062
412;Closed;https://myanimelist.net/clubs.php?cid=362;1060
413;"Ch√§oS;HEAd";https://myanimelist.net/clubs.php?cid=5628;1056
414;The Bishie Club;https://myanimelist.net/clubs.php?cid=20;1056
415;Holo's Pack.;https://myanimelist.net/clubs.php?cid=2096;1054
416;The Strike Witches Fanclub;https://myanimelist.net/clubs.php?cid=1900;1049
417;Lelouch X C.C.;https://myanimelist.net/clubs.php?cid=1451;1047
418;Touhou Fanclub;https://myanimelist.net/clubs.php?cid=13817;1046
419;HURRAY BUTTS!!;https://myanimelist.net/clubs.php?cid=8839;1044
420;Sun Palace;https://myanimelist.net/clubs.php?cid=77864;1041
421;The Shrine of Fujibayashi Kyou;https://myanimelist.net/clubs.php?cid=2136;1041
422;shojo beat!;https://myanimelist.net/clubs.php?cid=849;1040
423;"The ""I Only Watch Subtitled Anime"" Club";https://myanimelist.net/clubs.php?cid=6;1038
424;Kaoru Ichinose Fanclub [Migawari no Hanayome... chapter 14 part 5 raw is available];https://myanimelist.net/clubs.php?cid=27921;1033
425;Dengeki Daisy Fan Club;https://myanimelist.net/clubs.php?cid=12202;1031
426;Anime Couple Fanclub (A.C.F);https://myanimelist.net/clubs.php?cid=15966;1030
427;·¥• OCTO-thing ·¥•;https://myanimelist.net/clubs.php?cid=11869;1030
428;One Piece (Anime);https://myanimelist.net/clubs.php?cid=85395;1029
429;CROWN;https://myanimelist.net/clubs.php?cid=78933;1026
430;MAL's Pok√©mon Club;https://myanimelist.net/clubs.php?cid=14103;1020
431;*crazy~lazy*;https://myanimelist.net/clubs.php?cid=5409;1020
432;Visual Novel Brasil;https://myanimelist.net/clubs.php?cid=10013;1018
433;Mirai Nikki;https://myanimelist.net/clubs.php?cid=15652;1015
434;Together We're Invincible ~A Boy's Love Fanclub~;https://myanimelist.net/clubs.php?cid=7209;1015
435;The Summoner's Rift;https://myanimelist.net/clubs.php?cid=24427;1005
436;Chinese Anime (Donghua/Dongman);https://myanimelist.net/clubs.php?cid=42215;1004
437;üçÇ Yggdrasil's House of Anime & Manga üçÇ;https://myanimelist.net/clubs.php?cid=69522;1000
438;~‚òÖ‚ô•~Kawaiiness!~‚ô•‚òÖ~;https://myanimelist.net/clubs.php?cid=13457;1000
439;CYBERPUNK;https://myanimelist.net/clubs.php?cid=1705;997
440;Ibuki Fuko Fanclub;https://myanimelist.net/clubs.php?cid=1289;996
441;Vanillia Hentai Club;https://myanimelist.net/clubs.php?cid=39233;989
442;~My Yaoi Dreamland~;https://myanimelist.net/clubs.php?cid=4182;988
443;La Grande Armee de Nagato Yuki;https://myanimelist.net/clubs.php?cid=2083;985
444;Daisuke Ono Fan Club!;https://myanimelist.net/clubs.php?cid=10485;983
445;1/2 Prince Fan club;https://myanimelist.net/clubs.php?cid=11314;982
446;.:: ‚òÜ ::. Romantic ‚ô• Historical .:: ‚òÜ ::.;https://myanimelist.net/clubs.php?cid=9925;982
447;*~Atsushi Otani Fanclub~*;https://myanimelist.net/clubs.php?cid=7990;982
448;Kaname Fan Club;https://myanimelist.net/clubs.php?cid=1003;982
449;College Anime Lovers;https://myanimelist.net/clubs.php?cid=1927;979
450;Tsumugi Kotobuki FC;https://myanimelist.net/clubs.php?cid=10881;973
451;Argentina;https://myanimelist.net/clubs.php?cid=5441;973
452;Anime Family Community;https://myanimelist.net/clubs.php?cid=80816;968
453;Smoker's club;https://myanimelist.net/clubs.php?cid=7671;965
454;Unpopular Anime Supporters;https://myanimelist.net/clubs.php?cid=64163;964
455;CLOSED || ‚úß Paragons ‚úß;https://myanimelist.net/clubs.php?cid=83352;957
456;Date A Live Girls no Daisuki;https://myanimelist.net/clubs.php?cid=37125;956
457;Moe;https://myanimelist.net/clubs.php?cid=940;956
458;Noob Club;https://myanimelist.net/clubs.php?cid=62857;948
459;Kotomi Ichinose FanClub~;https://myanimelist.net/clubs.php?cid=15446;948
460;Gokudera Hayato Fanclub;https://myanimelist.net/clubs.php?cid=854;948
461;Bleach Returns;https://myanimelist.net/clubs.php?cid=80658;946
462;Nogizaka Haruka no Himitsu;https://myanimelist.net/clubs.php?cid=4209;946
463;Furukawa Nagisa's Theater Club;https://myanimelist.net/clubs.php?cid=1155;943
464;Member Cards;https://myanimelist.net/clubs.php?cid=21300;941
465;*Psychotic Maniac Killers*;https://myanimelist.net/clubs.php?cid=21395;940
466;Visual Novels;https://myanimelist.net/clubs.php?cid=705;936
467;Short Haired Girls Appreciation;https://myanimelist.net/clubs.php?cid=17910;935
468;League of Legends Fanclub;https://myanimelist.net/clubs.php?cid=63891;934
469;Mafia Colosseum;https://myanimelist.net/clubs.php?cid=62581;932
470;Card Kingdom (hiatus);https://myanimelist.net/clubs.php?cid=21108;930
471;Bulgarian anime Addicts;https://myanimelist.net/clubs.php?cid=917;929
472;{ INACTIVE } The Queen's Safe Haven;https://myanimelist.net/clubs.php?cid=69249;928
473;Waku Waku;https://myanimelist.net/clubs.php?cid=87534;926
474;‚ô¶ Just Another Yaoi Club ‚ô¶;https://myanimelist.net/clubs.php?cid=74571;926
475;Unique Yaoiness;https://myanimelist.net/clubs.php?cid=29819;924
476;‚òΩ Luna Spirit Kingdom;https://myanimelist.net/clubs.php?cid=69936;921
477;Manga Reading Challenges;https://myanimelist.net/clubs.php?cid=71624;916
478;Death the Kid FC;https://myanimelist.net/clubs.php?cid=3796;915
479;Lovely Complex;https://myanimelist.net/clubs.php?cid=222;915
480;üëë Kish's Citadel üëë;https://myanimelist.net/clubs.php?cid=68039;913
481;Ryuuji X Taiga Club;https://myanimelist.net/clubs.php?cid=7224;913
482;Fullmetal Alchemist Brotherhood FC;https://myanimelist.net/clubs.php?cid=11018;911
483;Free!;https://myanimelist.net/clubs.php?cid=36031;910
484;Mahou Sensei Negima! & UQ Holder! Manga Club;https://myanimelist.net/clubs.php?cid=8067;910
485;Hikaru ~ Kaoru (Hitachiin twins) FANCLUB <3<3;https://myanimelist.net/clubs.php?cid=1863;909
486;Ookami kakushi;https://myanimelist.net/clubs.php?cid=15381;908
487;Usui Takumi FC;https://myanimelist.net/clubs.php?cid=14761;908
488;Anime Caf√®;https://myanimelist.net/clubs.php?cid=88760;907
489;Yoru Fanclub;https://myanimelist.net/clubs.php?cid=9740;906
490;Tokyo Ghoul FC;https://myanimelist.net/clubs.php?cid=61031;905
491;Lavi Fanclub;https://myanimelist.net/clubs.php?cid=1618;904
492;Studio SHAFT;https://myanimelist.net/clubs.php?cid=1444;904
493;Mal's Unique Host Club;https://myanimelist.net/clubs.php?cid=16782;903
494;Allen Walker („Ç¢„É¨„É≥„Éª„Ç¶„Ç©„Éº„Ç´„Éº) Fanclub;https://myanimelist.net/clubs.php?cid=11803;903
495;School Rumble;https://myanimelist.net/clubs.php?cid=246;903
496;Sci-Fi club;https://myanimelist.net/clubs.php?cid=15441;900
497;***A Tribute To The Quiet Types***;https://myanimelist.net/clubs.php?cid=4797;900
498;Green-eyed Characters;https://myanimelist.net/clubs.php?cid=14992;894
499;Yagami Light Fan Club;https://myanimelist.net/clubs.php?cid=13735;893
