;name;link
0;--DeletedAccount;https://myanimelist.net/profile/--DeletedAccount
1;--Hasuki_Komai--;https://myanimelist.net/profile/--Hasuki_Komai--
2;--YURI--;https://myanimelist.net/profile/--YURI--
3;--_x;https://myanimelist.net/profile/--_x
4;-1-2-3-4-5-;https://myanimelist.net/profile/-1-2-3-4-5-
5;-Abyss_Walker-;https://myanimelist.net/profile/-Abyss_Walker-
6;-accelerator;https://myanimelist.net/profile/-accelerator
7;-Aero-;https://myanimelist.net/profile/-Aero-
8;-Aether-;https://myanimelist.net/profile/-Aether-
9;-Agonia-;https://myanimelist.net/profile/-Agonia-
10;-aka-;https://myanimelist.net/profile/-aka-
11;-Alexandre;https://myanimelist.net/profile/-Alexandre
12;-algorithm-;https://myanimelist.net/profile/-algorithm-
13;-Anita;https://myanimelist.net/profile/-Anita
14;-Anko-;https://myanimelist.net/profile/-Anko-
15;-Anya-;https://myanimelist.net/profile/-Anya-
16;-aochii-;https://myanimelist.net/profile/-aochii-
17;-Arcane-;https://myanimelist.net/profile/-Arcane-
18;-Asagi-;https://myanimelist.net/profile/-Asagi-
19;-Astra-;https://myanimelist.net/profile/-Astra-
20;-Ayu;https://myanimelist.net/profile/-Ayu
21;-Bakemono-;https://myanimelist.net/profile/-Bakemono-
22;-bananana-;https://myanimelist.net/profile/-bananana-
23;-BlackLotus-;https://myanimelist.net/profile/-BlackLotus-
24;-BlueRose-;https://myanimelist.net/profile/-BlueRose-
25;-Camii;https://myanimelist.net/profile/-Camii
26;-Chris-;https://myanimelist.net/profile/-Chris-
27;-chronos;https://myanimelist.net/profile/-chronos
28;-Cuddles;https://myanimelist.net/profile/-Cuddles
29;-Cyrille;https://myanimelist.net/profile/-Cyrille
30;-Daisetsu-;https://myanimelist.net/profile/-Daisetsu-
31;-Deoxys-;https://myanimelist.net/profile/-Deoxys-
32;-dess;https://myanimelist.net/profile/-dess
33;-Doctor-;https://myanimelist.net/profile/-Doctor-
34;-Droid-;https://myanimelist.net/profile/-Droid-
35;-Elly--chwan;https://myanimelist.net/profile/-Elly--chwan
0;-Empty;https://myanimelist.net/profile/-Empty
1;-Envy-;https://myanimelist.net/profile/-Envy-
2;-eupho-;https://myanimelist.net/profile/-eupho-
3;-flow-;https://myanimelist.net/profile/-flow-
4;-Forgotten-;https://myanimelist.net/profile/-Forgotten-
5;-fujo-;https://myanimelist.net/profile/-fujo-
6;-Funland-;https://myanimelist.net/profile/-Funland-
7;-GOAT-;https://myanimelist.net/profile/-GOAT-
8;-Gummie-;https://myanimelist.net/profile/-Gummie-
9;-Heika;https://myanimelist.net/profile/-Heika
10;-Hex-;https://myanimelist.net/profile/-Hex-
11;-HippySnob-;https://myanimelist.net/profile/-HippySnob-
12;-Hysteria-;https://myanimelist.net/profile/-Hysteria-
13;-Ikkun-;https://myanimelist.net/profile/-Ikkun-
14;-ILOVEYAOI-;https://myanimelist.net/profile/-ILOVEYAOI-
15;-Jo;https://myanimelist.net/profile/-Jo
16;-Joelle-;https://myanimelist.net/profile/-Joelle-
17;-Juanjo;https://myanimelist.net/profile/-Juanjo
18;-Kaede-;https://myanimelist.net/profile/-Kaede-
19;-Kael;https://myanimelist.net/profile/-Kael
20;-Kaifa-;https://myanimelist.net/profile/-Kaifa-
21;-Kaito;https://myanimelist.net/profile/-Kaito
22;-Karoshi-;https://myanimelist.net/profile/-Karoshi-
23;-kaze-;https://myanimelist.net/profile/-kaze-
24;-Kenshin-;https://myanimelist.net/profile/-Kenshin-
25;-ketchup-;https://myanimelist.net/profile/-ketchup-
26;-Knightingale;https://myanimelist.net/profile/-Knightingale
27;-Ko-;https://myanimelist.net/profile/-Ko-
28;-Koyuki-;https://myanimelist.net/profile/-Koyuki-
29;-KraftLawrence-;https://myanimelist.net/profile/-KraftLawrence-
30;-kuri;https://myanimelist.net/profile/-kuri
31;-Lazed-;https://myanimelist.net/profile/-Lazed-
32;-Lofn-;https://myanimelist.net/profile/-Lofn-
33;-Lorenzo;https://myanimelist.net/profile/-Lorenzo
34;-Lukz;https://myanimelist.net/profile/-Lukz
35;-Makunouchi-;https://myanimelist.net/profile/-Makunouchi-
0;-Masuko-;https://myanimelist.net/profile/-Masuko-
1;-Melancholy-;https://myanimelist.net/profile/-Melancholy-
2;-Merando-;https://myanimelist.net/profile/-Merando-
3;-MgZ_;https://myanimelist.net/profile/-MgZ_
4;-MoTionSky-;https://myanimelist.net/profile/-MoTionSky-
5;-Mouse-;https://myanimelist.net/profile/-Mouse-
6;-Musouka-;https://myanimelist.net/profile/-Musouka-
7;-Naive_Artist97-;https://myanimelist.net/profile/-Naive_Artist97-
8;-Natsumi12-;https://myanimelist.net/profile/-Natsumi12-
9;-NeoFeliX-;https://myanimelist.net/profile/-NeoFeliX-
10;-NeW-;https://myanimelist.net/profile/-NeW-
11;-nnnn--;https://myanimelist.net/profile/-nnnn--
12;-NoxHex-;https://myanimelist.net/profile/-NoxHex-
13;-oikawaii-;https://myanimelist.net/profile/-oikawaii-
14;-Okami;https://myanimelist.net/profile/-Okami
15;-Oreki-Houtarou-;https://myanimelist.net/profile/-Oreki-Houtarou-
16;-PassingBy-;https://myanimelist.net/profile/-PassingBy-
17;-Pekay-;https://myanimelist.net/profile/-Pekay-
18;-RailGun-;https://myanimelist.net/profile/-RailGun-
19;-Rekha-;https://myanimelist.net/profile/-Rekha-
20;-remainnameless-;https://myanimelist.net/profile/-remainnameless-
21;-Rikka-;https://myanimelist.net/profile/-Rikka-
22;-Rin-;https://myanimelist.net/profile/-Rin-
23;-Riptide-;https://myanimelist.net/profile/-Riptide-
24;-Risa-Sama-;https://myanimelist.net/profile/-Risa-Sama-
25;-Robunaga;https://myanimelist.net/profile/-Robunaga
26;-RoyalBlue;https://myanimelist.net/profile/-RoyalBlue
27;-Ryouko-;https://myanimelist.net/profile/-Ryouko-
28;-Sabre-;https://myanimelist.net/profile/-Sabre-
29;-Sacchan-;https://myanimelist.net/profile/-Sacchan-
30;-Sachie;https://myanimelist.net/profile/-Sachie
31;-sahchan;https://myanimelist.net/profile/-sahchan
32;-Saiber-;https://myanimelist.net/profile/-Saiber-
33;-Saichi-;https://myanimelist.net/profile/-Saichi-
34;-SakuraNeko;https://myanimelist.net/profile/-SakuraNeko
35;-Samra;https://myanimelist.net/profile/-Samra
0;-Sana-;https://myanimelist.net/profile/-Sana-
1;-Saya;https://myanimelist.net/profile/-Saya
2;-SeRg-;https://myanimelist.net/profile/-SeRg-
3;-Setanta-;https://myanimelist.net/profile/-Setanta-
4;-shad-;https://myanimelist.net/profile/-shad-
5;-ShadowClaw-;https://myanimelist.net/profile/-ShadowClaw-
6;-Sharif;https://myanimelist.net/profile/-Sharif
7;-Shin0bi-;https://myanimelist.net/profile/-Shin0bi-
8;-Shirobe-;https://myanimelist.net/profile/-Shirobe-
9;-Shiroe-;https://myanimelist.net/profile/-Shiroe-
10;-Shiroyasha-;https://myanimelist.net/profile/-Shiroyasha-
11;-Slick-;https://myanimelist.net/profile/-Slick-
12;-Souka-;https://myanimelist.net/profile/-Souka-
13;-Spooks;https://myanimelist.net/profile/-Spooks
14;-Stray;https://myanimelist.net/profile/-Stray
15;-Sue-;https://myanimelist.net/profile/-Sue-
16;-Sweetness-;https://myanimelist.net/profile/-Sweetness-
17;-ThatSenseiGuy;https://myanimelist.net/profile/-ThatSenseiGuy
18;-thinking-;https://myanimelist.net/profile/-thinking-
19;-Toon-;https://myanimelist.net/profile/-Toon-
20;-Troy;https://myanimelist.net/profile/-Troy
21;-Ty;https://myanimelist.net/profile/-Ty
22;-Umbreon-;https://myanimelist.net/profile/-Umbreon-
23;-Vals;https://myanimelist.net/profile/-Vals
24;-Voki-;https://myanimelist.net/profile/-Voki-
25;-Wayfinder;https://myanimelist.net/profile/-Wayfinder
26;-WhimsicalSoul-;https://myanimelist.net/profile/-WhimsicalSoul-
27;-xAttack609x-;https://myanimelist.net/profile/-xAttack609x-
28;-xx-;https://myanimelist.net/profile/-xx-
29;-Yamato-;https://myanimelist.net/profile/-Yamato-
30;-Yonkou-;https://myanimelist.net/profile/-Yonkou-
31;-YunoGasai;https://myanimelist.net/profile/-YunoGasai
32;-Zephyr-;https://myanimelist.net/profile/-Zephyr-
33;-Zetsu-;https://myanimelist.net/profile/-Zetsu-
34;-_-Val;https://myanimelist.net/profile/-_-Val
35;-_entei_-;https://myanimelist.net/profile/-_entei_-
0;-_Mahesvara_-;https://myanimelist.net/profile/-_Mahesvara_-
1;-_Removed_-;https://myanimelist.net/profile/-_Removed_-
2;-______m-;https://myanimelist.net/profile/-______m-
3;-____________-;https://myanimelist.net/profile/-____________-
4;009haru;https://myanimelist.net/profile/009haru
5;00MA;https://myanimelist.net/profile/00MA
6;00_MoonShine_00;https://myanimelist.net/profile/00_MoonShine_00
7;0101101_01001111;https://myanimelist.net/profile/0101101_01001111
8;0102;https://myanimelist.net/profile/0102
9;01110110000110;https://myanimelist.net/profile/01110110000110
10;01ash;https://myanimelist.net/profile/01ash
11;01_;https://myanimelist.net/profile/01_
12;0616Z;https://myanimelist.net/profile/0616Z
13;0bi;https://myanimelist.net/profile/0bi
14;0bscure0;https://myanimelist.net/profile/0bscure0
15;0bsess;https://myanimelist.net/profile/0bsess
16;0megaX;https://myanimelist.net/profile/0megaX
17;0namine1;https://myanimelist.net/profile/0namine1
18;0niichii;https://myanimelist.net/profile/0niichii
19;0ni_Link;https://myanimelist.net/profile/0ni_Link
20;0rseb;https://myanimelist.net/profile/0rseb
21;0w0;https://myanimelist.net/profile/0w0
22;10111542;https://myanimelist.net/profile/10111542
23;101Drake;https://myanimelist.net/profile/101Drake
24;11100100;https://myanimelist.net/profile/11100100
25;1111112222;https://myanimelist.net/profile/1111112222
26;1112341312sad;https://myanimelist.net/profile/1112341312sad
27;116324;https://myanimelist.net/profile/116324
28;11cloe321;https://myanimelist.net/profile/11cloe321
29;11una;https://myanimelist.net/profile/11una
30;1231415333;https://myanimelist.net/profile/1231415333
31;1234babu;https://myanimelist.net/profile/1234babu
32;123mutant987;https://myanimelist.net/profile/123mutant987
33;123w45;https://myanimelist.net/profile/123w45
34;1298shadow;https://myanimelist.net/profile/1298shadow
35;130nu;https://myanimelist.net/profile/130nu
0;13919243;https://myanimelist.net/profile/13919243
1;14clock3;https://myanimelist.net/profile/14clock3
2;16-Bit-MegaDrive;https://myanimelist.net/profile/16-Bit-MegaDrive
3;1738;https://myanimelist.net/profile/1738
4;1772Vishu;https://myanimelist.net/profile/1772Vishu
5;17curleyj;https://myanimelist.net/profile/17curleyj
6;180cme;https://myanimelist.net/profile/180cme
7;18gt;https://myanimelist.net/profile/18gt
8;19851985;https://myanimelist.net/profile/19851985
9;19Pyro90;https://myanimelist.net/profile/19Pyro90
10;1carus;https://myanimelist.net/profile/1carus
11;1cedkid;https://myanimelist.net/profile/1cedkid
12;1coolgirl2b;https://myanimelist.net/profile/1coolgirl2b
13;1darling;https://myanimelist.net/profile/1darling
14;1ghost1;https://myanimelist.net/profile/1ghost1
15;1L0can0;https://myanimelist.net/profile/1L0can0
16;1RNZ1;https://myanimelist.net/profile/1RNZ1
17;1sla;https://myanimelist.net/profile/1sla
18;1speedy;https://myanimelist.net/profile/1speedy
19;1st_to_Last05;https://myanimelist.net/profile/1st_to_Last05
20;1user;https://myanimelist.net/profile/1user
21;1ZeemTv;https://myanimelist.net/profile/1ZeemTv
22;200765;https://myanimelist.net/profile/200765
23;20Ani17Analyzer;https://myanimelist.net/profile/20Ani17Analyzer
24;21603989;https://myanimelist.net/profile/21603989
25;21_Savage;https://myanimelist.net/profile/21_Savage
26;22Flames;https://myanimelist.net/profile/22Flames
27;25PR99;https://myanimelist.net/profile/25PR99
28;265;https://myanimelist.net/profile/265
29;2alpha-down0;https://myanimelist.net/profile/2alpha-down0
30;2BlackQueen;https://myanimelist.net/profile/2BlackQueen
31;2B_SENPAI;https://myanimelist.net/profile/2B_SENPAI
32;2D-chan;https://myanimelist.net/profile/2D-chan
33;2Heart;https://myanimelist.net/profile/2Heart
34;2lelouch4;https://myanimelist.net/profile/2lelouch4
35;2thuriel;https://myanimelist.net/profile/2thuriel
0;3030sonic;https://myanimelist.net/profile/3030sonic
1;30mag;https://myanimelist.net/profile/30mag
2;39Subrosia;https://myanimelist.net/profile/39Subrosia
3;39thgunslinger;https://myanimelist.net/profile/39thgunslinger
4;3a7er;https://myanimelist.net/profile/3a7er
5;3baad2;https://myanimelist.net/profile/3baad2
6;3ccentricity;https://myanimelist.net/profile/3ccentricity
7;3maNAngeL;https://myanimelist.net/profile/3maNAngeL
8;3nzo95;https://myanimelist.net/profile/3nzo95
9;3pilif;https://myanimelist.net/profile/3pilif
10;3rdShiftSociety;https://myanimelist.net/profile/3rdShiftSociety
11;3unneh;https://myanimelist.net/profile/3unneh
12;3willbefree;https://myanimelist.net/profile/3willbefree
13;3xTripple;https://myanimelist.net/profile/3xTripple
14;4061453;https://myanimelist.net/profile/4061453
15;40ri;https://myanimelist.net/profile/40ri
16;412345;https://myanimelist.net/profile/412345
17;421cookies;https://myanimelist.net/profile/421cookies
18;42potatoes;https://myanimelist.net/profile/42potatoes
19;432hz;https://myanimelist.net/profile/432hz
20;455510;https://myanimelist.net/profile/455510
21;45Ravager;https://myanimelist.net/profile/45Ravager
22;4649;https://myanimelist.net/profile/4649
23;47713;https://myanimelist.net/profile/47713
24;4ah9n;https://myanimelist.net/profile/4ah9n
25;4Dam;https://myanimelist.net/profile/4Dam
26;4everLz;https://myanimelist.net/profile/4everLz
27;4iwby;https://myanimelist.net/profile/4iwby
28;4kinari;https://myanimelist.net/profile/4kinari
29;4l3ks;https://myanimelist.net/profile/4l3ks
30;4RealAngel;https://myanimelist.net/profile/4RealAngel
31;4tizzim0s;https://myanimelist.net/profile/4tizzim0s
32;4WhiteDevil;https://myanimelist.net/profile/4WhiteDevil
33;4xn;https://myanimelist.net/profile/4xn
34;51502131;https://myanimelist.net/profile/51502131
35;567swimmey;https://myanimelist.net/profile/567swimmey
0;570N3F157;https://myanimelist.net/profile/570N3F157
1;5nanometers;https://myanimelist.net/profile/5nanometers
2;64powered;https://myanimelist.net/profile/64powered
3;6arrett;https://myanimelist.net/profile/6arrett
4;6Fail9;https://myanimelist.net/profile/6Fail9
5;6Kurozen9;https://myanimelist.net/profile/6Kurozen9
6;6Man;https://myanimelist.net/profile/6Man
7;709_707;https://myanimelist.net/profile/709_707
8;73aho;https://myanimelist.net/profile/73aho
9;755nbo;https://myanimelist.net/profile/755nbo
10;78uh;https://myanimelist.net/profile/78uh
11;794;https://myanimelist.net/profile/794
12;7DS;https://myanimelist.net/profile/7DS
13;7Koro-Sensei7;https://myanimelist.net/profile/7Koro-Sensei7
14;7Mikan;https://myanimelist.net/profile/7Mikan
15;7mo0dy_96;https://myanimelist.net/profile/7mo0dy_96
16;7starkiller99;https://myanimelist.net/profile/7starkiller99
17;7thVoid;https://myanimelist.net/profile/7thVoid
18;7Tuchi;https://myanimelist.net/profile/7Tuchi
19;7us3in;https://myanimelist.net/profile/7us3in
20;8-bit;https://myanimelist.net/profile/8-bit
21;84723jjdd;https://myanimelist.net/profile/84723jjdd
22;84DaysWithout;https://myanimelist.net/profile/84DaysWithout
23;88shotgun;https://myanimelist.net/profile/88shotgun
24;8Dataman8;https://myanimelist.net/profile/8Dataman8
25;8HIT;https://myanimelist.net/profile/8HIT
26;8itchyPrincess;https://myanimelist.net/profile/8itchyPrincess
27;8lacKy;https://myanimelist.net/profile/8lacKy
28;8LK;https://myanimelist.net/profile/8LK
29;8Neekah6;https://myanimelist.net/profile/8Neekah6
30;8th-Sycode;https://myanimelist.net/profile/8th-Sycode
31;9456672;https://myanimelist.net/profile/9456672
32;99nour;https://myanimelist.net/profile/99nour
33;9jaotaku;https://myanimelist.net/profile/9jaotaku
34;9spaceking;https://myanimelist.net/profile/9spaceking
35;9TailedFoxy;https://myanimelist.net/profile/9TailedFoxy
0;9_;https://myanimelist.net/profile/9_
1;a--iko;https://myanimelist.net/profile/a--iko
2;A-K-A;https://myanimelist.net/profile/A-K-A
3;A-laa;https://myanimelist.net/profile/A-laa
4;a-neet-idea;https://myanimelist.net/profile/a-neet-idea
5;A-Un;https://myanimelist.net/profile/A-Un
6;A0me;https://myanimelist.net/profile/A0me
7;A1_1997;https://myanimelist.net/profile/A1_1997
8;A2ZOMG;https://myanimelist.net/profile/A2ZOMG
9;a4e19;https://myanimelist.net/profile/a4e19
10;A5K;https://myanimelist.net/profile/A5K
11;a74vk93ing;https://myanimelist.net/profile/a74vk93ing
12;a9235;https://myanimelist.net/profile/a9235
13;Aabaran7;https://myanimelist.net/profile/Aabaran7
14;Aakash_Verma;https://myanimelist.net/profile/Aakash_Verma
15;AALT;https://myanimelist.net/profile/AALT
16;AangMoreiira;https://myanimelist.net/profile/AangMoreiira
17;AanimeOtaku;https://myanimelist.net/profile/AanimeOtaku
18;Aardwolf94;https://myanimelist.net/profile/Aardwolf94
19;aarelf;https://myanimelist.net/profile/aarelf
20;aaronrams500;https://myanimelist.net/profile/aaronrams500
21;Abayan;https://myanimelist.net/profile/Abayan
22;AbbieT3D2Y;https://myanimelist.net/profile/AbbieT3D2Y
23;Abbonthy;https://myanimelist.net/profile/Abbonthy
24;Abdellah175;https://myanimelist.net/profile/Abdellah175
25;Abderahmanyasser;https://myanimelist.net/profile/Abderahmanyasser
26;abdoABL;https://myanimelist.net/profile/abdoABL
27;abdrahmantlili;https://myanimelist.net/profile/abdrahmantlili
28;abdulaziz1;https://myanimelist.net/profile/abdulaziz1
29;abdulp1984;https://myanimelist.net/profile/abdulp1984
30;Abeltrx;https://myanimelist.net/profile/Abeltrx
31;abeone;https://myanimelist.net/profile/abeone
32;Abernite;https://myanimelist.net/profile/Abernite
33;AbhayDX;https://myanimelist.net/profile/AbhayDX
34;Abhiram_Manoj;https://myanimelist.net/profile/Abhiram_Manoj
35;ABHISHEKV;https://myanimelist.net/profile/ABHISHEKV
0;abhi_iitr08;https://myanimelist.net/profile/abhi_iitr08
1;abhi_nav;https://myanimelist.net/profile/abhi_nav
2;Abhorrent;https://myanimelist.net/profile/Abhorrent
3;AbidTroney;https://myanimelist.net/profile/AbidTroney
4;Abid_Real47;https://myanimelist.net/profile/Abid_Real47
5;ABigChungus;https://myanimelist.net/profile/ABigChungus
6;Abn0rmal;https://myanimelist.net/profile/Abn0rmal
7;Abnazhor;https://myanimelist.net/profile/Abnazhor
8;Abno;https://myanimelist.net/profile/Abno
9;AbnormalSense;https://myanimelist.net/profile/AbnormalSense
10;Aboudy0;https://myanimelist.net/profile/Aboudy0
11;Aboy;https://myanimelist.net/profile/Aboy
12;abracadabra13;https://myanimelist.net/profile/abracadabra13
13;Abramacabre;https://myanimelist.net/profile/Abramacabre
14;AbrarMalik;https://myanimelist.net/profile/AbrarMalik
15;abratasas;https://myanimelist.net/profile/abratasas
16;Absolia;https://myanimelist.net/profile/Absolia
17;absta1998;https://myanimelist.net/profile/absta1998
18;AbsurdOrpheus;https://myanimelist.net/profile/AbsurdOrpheus
19;abulkabul;https://myanimelist.net/profile/abulkabul
20;Abunai_Shadow;https://myanimelist.net/profile/Abunai_Shadow
21;abungus;https://myanimelist.net/profile/abungus
22;AbuOthman96;https://myanimelist.net/profile/AbuOthman96
23;Abusaeed;https://myanimelist.net/profile/Abusaeed
24;abyss-of-dreams;https://myanimelist.net/profile/abyss-of-dreams
25;abyss333;https://myanimelist.net/profile/abyss333
26;AbyssalAlice;https://myanimelist.net/profile/AbyssalAlice
27;ac2m;https://myanimelist.net/profile/ac2m
28;ACat2Cats;https://myanimelist.net/profile/ACat2Cats
29;ACBlackJ0ck;https://myanimelist.net/profile/ACBlackJ0ck
30;Accelerator2016;https://myanimelist.net/profile/Accelerator2016
31;AcceleratorPT;https://myanimelist.net/profile/AcceleratorPT
32;Accelise_;https://myanimelist.net/profile/Accelise_
33;AccelOrder;https://myanimelist.net/profile/AccelOrder
34;Accelority;https://myanimelist.net/profile/Accelority
35;Acceltoine;https://myanimelist.net/profile/Acceltoine
0;AccntKiller;https://myanimelist.net/profile/AccntKiller
1;Accord;https://myanimelist.net/profile/Accord
2;AccountSuspended;https://myanimelist.net/profile/AccountSuspended
3;acdy;https://myanimelist.net/profile/acdy
4;Aceials;https://myanimelist.net/profile/Aceials
5;Aceifer;https://myanimelist.net/profile/Aceifer
6;AceN919;https://myanimelist.net/profile/AceN919
7;Aceofbattles1204;https://myanimelist.net/profile/Aceofbattles1204
8;aceoflife;https://myanimelist.net/profile/aceoflife
9;acepg;https://myanimelist.net/profile/acepg
10;acerorahime;https://myanimelist.net/profile/acerorahime
11;AceTheHanyou;https://myanimelist.net/profile/AceTheHanyou
12;AceTheKidd;https://myanimelist.net/profile/AceTheKidd
13;Acethirn;https://myanimelist.net/profile/Acethirn
14;AceTrainerMiku;https://myanimelist.net/profile/AceTrainerMiku
15;ace_D_roger;https://myanimelist.net/profile/ace_D_roger
16;ace_san;https://myanimelist.net/profile/ace_san
17;Acheron;https://myanimelist.net/profile/Acheron
18;Achmad;https://myanimelist.net/profile/Achmad
19;AchromicFlame;https://myanimelist.net/profile/AchromicFlame
20;Acidblood;https://myanimelist.net/profile/Acidblood
21;AcidPunk;https://myanimelist.net/profile/AcidPunk
22;Ackron;https://myanimelist.net/profile/Ackron
23;Acmonteiro;https://myanimelist.net/profile/Acmonteiro
24;AcolyteXIII;https://myanimelist.net/profile/AcolyteXIII
25;Acquiesc3;https://myanimelist.net/profile/Acquiesc3
26;Acropyre;https://myanimelist.net/profile/Acropyre
27;Actar;https://myanimelist.net/profile/Actar
28;actuallyiris;https://myanimelist.net/profile/actuallyiris
29;AcurD;https://myanimelist.net/profile/AcurD
30;Acxelion;https://myanimelist.net/profile/Acxelion
31;acyuta;https://myanimelist.net/profile/acyuta
32;Adafang;https://myanimelist.net/profile/Adafang
33;Adam-CH;https://myanimelist.net/profile/Adam-CH
34;Adam_7;https://myanimelist.net/profile/Adam_7
35;Adam_Haddou;https://myanimelist.net/profile/Adam_Haddou
0;Adam_R;https://myanimelist.net/profile/Adam_R
1;Adan77;https://myanimelist.net/profile/Adan77
2;adancerinthedark;https://myanimelist.net/profile/adancerinthedark
3;ADAOS99;https://myanimelist.net/profile/ADAOS99
4;adaw31;https://myanimelist.net/profile/adaw31
5;AddictedHome;https://myanimelist.net/profile/AddictedHome
6;addictedtoliving;https://myanimelist.net/profile/addictedtoliving
7;AddictedWatcher;https://myanimelist.net/profile/AddictedWatcher
8;adeelist;https://myanimelist.net/profile/adeelist
9;Adeen;https://myanimelist.net/profile/Adeen
10;AdeHaze;https://myanimelist.net/profile/AdeHaze
11;Adeiheid;https://myanimelist.net/profile/Adeiheid
12;adelixy;https://myanimelist.net/profile/adelixy
13;Adellaeda;https://myanimelist.net/profile/Adellaeda
14;AdeltMeyer;https://myanimelist.net/profile/AdeltMeyer
15;Adelwulf;https://myanimelist.net/profile/Adelwulf
16;Adeptt;https://myanimelist.net/profile/Adeptt
17;Adespota;https://myanimelist.net/profile/Adespota
18;Adey;https://myanimelist.net/profile/Adey
19;adi44443;https://myanimelist.net/profile/adi44443
20;ADIABATICO;https://myanimelist.net/profile/ADIABATICO
21;AdiiL;https://myanimelist.net/profile/AdiiL
22;adiktbg;https://myanimelist.net/profile/adiktbg
23;Adion222;https://myanimelist.net/profile/Adion222
24;adipati_sepuh;https://myanimelist.net/profile/adipati_sepuh
25;Adit-kun;https://myanimelist.net/profile/Adit-kun
26;adi_thor;https://myanimelist.net/profile/adi_thor
27;Adlet;https://myanimelist.net/profile/Adlet
28;Admir0w;https://myanimelist.net/profile/Admir0w
29;AdmiralScarlet-;https://myanimelist.net/profile/AdmiralScarlet-
30;Admiral_Madfrog;https://myanimelist.net/profile/Admiral_Madfrog
31;adog22;https://myanimelist.net/profile/adog22
32;adolf512;https://myanimelist.net/profile/adolf512
33;Adolfhitlesaurus;https://myanimelist.net/profile/Adolfhitlesaurus
34;adradox;https://myanimelist.net/profile/adradox
35;Adragon28;https://myanimelist.net/profile/Adragon28
0;Adrasteiax;https://myanimelist.net/profile/Adrasteiax
1;AdriaMikasa;https://myanimelist.net/profile/AdriaMikasa
2;adrianaLuisa;https://myanimelist.net/profile/adrianaLuisa
3;adrianboss;https://myanimelist.net/profile/adrianboss
4;Adrianespa;https://myanimelist.net/profile/Adrianespa
5;adriangul;https://myanimelist.net/profile/adriangul
6;adrianojones;https://myanimelist.net/profile/adrianojones
7;Adriwan;https://myanimelist.net/profile/Adriwan
8;Adurian_;https://myanimelist.net/profile/Adurian_
9;Advanced495;https://myanimelist.net/profile/Advanced495
10;Advatre;https://myanimelist.net/profile/Advatre
11;Adventure;https://myanimelist.net/profile/Adventure
12;adzshamz;https://myanimelist.net/profile/adzshamz
13;AE86Fujiwara;https://myanimelist.net/profile/AE86Fujiwara
14;Aeacus;https://myanimelist.net/profile/Aeacus
15;aecyia;https://myanimelist.net/profile/aecyia
16;Aegyoprincess;https://myanimelist.net/profile/Aegyoprincess
17;Aeldrian;https://myanimelist.net/profile/Aeldrian
18;Aelyth;https://myanimelist.net/profile/Aelyth
19;Aene;https://myanimelist.net/profile/Aene
20;Aeneas-kun;https://myanimelist.net/profile/Aeneas-kun
21;Aenigma66;https://myanimelist.net/profile/Aenigma66
22;AeonEsperKyo;https://myanimelist.net/profile/AeonEsperKyo
23;Aeon_309;https://myanimelist.net/profile/Aeon_309
24;Aequanimitas;https://myanimelist.net/profile/Aequanimitas
25;Aequinoxium;https://myanimelist.net/profile/Aequinoxium
26;Aequisite;https://myanimelist.net/profile/Aequisite
27;aer0gam3r;https://myanimelist.net/profile/aer0gam3r
28;aerd2;https://myanimelist.net/profile/aerd2
29;Aerially;https://myanimelist.net/profile/Aerially
30;Aerie;https://myanimelist.net/profile/Aerie
31;AeriousNL;https://myanimelist.net/profile/AeriousNL
32;aerithclode;https://myanimelist.net/profile/aerithclode
33;Aerogel;https://myanimelist.net/profile/Aerogel
34;aeropop;https://myanimelist.net/profile/aeropop
35;Aerow96;https://myanimelist.net/profile/Aerow96
0;Aeryko;https://myanimelist.net/profile/Aeryko
1;Aeryn99;https://myanimelist.net/profile/Aeryn99
2;AES-senpai;https://myanimelist.net/profile/AES-senpai
3;aestaedik;https://myanimelist.net/profile/aestaedik
4;AestheticHatter;https://myanimelist.net/profile/AestheticHatter
5;Aes_thetic;https://myanimelist.net/profile/Aes_thetic
6;AetherRikku;https://myanimelist.net/profile/AetherRikku
7;aetr;https://myanimelist.net/profile/aetr
8;Aexuz;https://myanimelist.net/profile/Aexuz
9;Aezile;https://myanimelist.net/profile/Aezile
10;aFairytale;https://myanimelist.net/profile/aFairytale
11;AFALCONPAWNCH;https://myanimelist.net/profile/AFALCONPAWNCH
12;Afftie;https://myanimelist.net/profile/Afftie
13;AFlyOnTheWall;https://myanimelist.net/profile/AFlyOnTheWall
14;Afraalalii;https://myanimelist.net/profile/Afraalalii
15;Afro_Typical;https://myanimelist.net/profile/Afro_Typical
16;AFTERNO;https://myanimelist.net/profile/AFTERNO
17;Afyr0;https://myanimelist.net/profile/Afyr0
18;Agafin;https://myanimelist.net/profile/Agafin
19;Agapanthus;https://myanimelist.net/profile/Agapanthus
20;Agdevolution;https://myanimelist.net/profile/Agdevolution
21;AgehaMist;https://myanimelist.net/profile/AgehaMist
22;Agelenawolf;https://myanimelist.net/profile/Agelenawolf
23;agent007AW;https://myanimelist.net/profile/agent007AW
24;AgentChico;https://myanimelist.net/profile/AgentChico
25;AgentsZer0;https://myanimelist.net/profile/AgentsZer0
26;Agent_Chimp;https://myanimelist.net/profile/Agent_Chimp
27;aggybella;https://myanimelist.net/profile/aggybella
28;aghartian;https://myanimelist.net/profile/aghartian
29;Aghena;https://myanimelist.net/profile/Aghena
30;agilityredfox;https://myanimelist.net/profile/agilityredfox
31;agiourbeda;https://myanimelist.net/profile/agiourbeda
32;agoggeek;https://myanimelist.net/profile/agoggeek
33;AgonizingPuddle;https://myanimelist.net/profile/AgonizingPuddle
34;Agramon;https://myanimelist.net/profile/Agramon
35;AgreedDonkay;https://myanimelist.net/profile/AgreedDonkay
0;Agumon;https://myanimelist.net/profile/Agumon
1;AgungM;https://myanimelist.net/profile/AgungM
2;Agu_Odera;https://myanimelist.net/profile/Agu_Odera
3;Ahegyao;https://myanimelist.net/profile/Ahegyao
4;Ahmad-99;https://myanimelist.net/profile/Ahmad-99
5;Ahmad317;https://myanimelist.net/profile/Ahmad317
6;Ahmadather7866;https://myanimelist.net/profile/Ahmadather7866
7;AhmadElshaer;https://myanimelist.net/profile/AhmadElshaer
8;AhmadMysra;https://myanimelist.net/profile/AhmadMysra
9;ahmed9888;https://myanimelist.net/profile/ahmed9888
10;ahmedeldesouky;https://myanimelist.net/profile/ahmedeldesouky
11;ahmedkaito_18;https://myanimelist.net/profile/ahmedkaito_18
12;Ahmer;https://myanimelist.net/profile/Ahmer
13;AhoNoGin;https://myanimelist.net/profile/AhoNoGin
14;AhoNoJohn;https://myanimelist.net/profile/AhoNoJohn
15;Ahri;https://myanimelist.net/profile/Ahri
16;Ahri-;https://myanimelist.net/profile/Ahri-
17;Ahridan;https://myanimelist.net/profile/Ahridan
18;ahtung;https://myanimelist.net/profile/ahtung
19;Ai-Hime;https://myanimelist.net/profile/Ai-Hime
20;Ai-no-Miko;https://myanimelist.net/profile/Ai-no-Miko
21;aidafairbairn;https://myanimelist.net/profile/aidafairbairn
22;aidchade;https://myanimelist.net/profile/aidchade
23;AidenMiller;https://myanimelist.net/profile/AidenMiller
24;aidew;https://myanimelist.net/profile/aidew
25;Aidou-senpai13;https://myanimelist.net/profile/Aidou-senpai13
26;Aii-Yuu;https://myanimelist.net/profile/Aii-Yuu
27;Aiimee;https://myanimelist.net/profile/Aiimee
28;AikoAkuma;https://myanimelist.net/profile/AikoAkuma
29;Aikokazu;https://myanimelist.net/profile/Aikokazu
30;Aiko_Hiroshi;https://myanimelist.net/profile/Aiko_Hiroshi
31;Ailhou;https://myanimelist.net/profile/Ailhou
32;Ailisa;https://myanimelist.net/profile/Ailisa
33;Ailove1004;https://myanimelist.net/profile/Ailove1004
34;AimedRogue;https://myanimelist.net/profile/AimedRogue
35;aimenIA;https://myanimelist.net/profile/aimenIA
0;aimerr;https://myanimelist.net/profile/aimerr
1;Aimitek;https://myanimelist.net/profile/Aimitek
2;Aines445;https://myanimelist.net/profile/Aines445
3;Ainmhidh;https://myanimelist.net/profile/Ainmhidh
4;ainominako_;https://myanimelist.net/profile/ainominako_
5;ainsfw;https://myanimelist.net/profile/ainsfw
6;ainsworthless;https://myanimelist.net/profile/ainsworthless
7;AinzOoalGownnn;https://myanimelist.net/profile/AinzOoalGownnn
8;AinZPrinZ;https://myanimelist.net/profile/AinZPrinZ
9;Aioi;https://myanimelist.net/profile/Aioi
10;AirborneCthulhu;https://myanimelist.net/profile/AirborneCthulhu
11;Airenee;https://myanimelist.net/profile/Airenee
12;airi-velvet;https://myanimelist.net/profile/airi-velvet
13;Airuhn;https://myanimelist.net/profile/Airuhn
14;AirWrecka;https://myanimelist.net/profile/AirWrecka
15;Aisaka707;https://myanimelist.net/profile/Aisaka707
16;Aisasan;https://myanimelist.net/profile/Aisasan
17;aishasama;https://myanimelist.net/profile/aishasama
18;aisora;https://myanimelist.net/profile/aisora
19;Aisr;https://myanimelist.net/profile/Aisr
20;aissam_elkd;https://myanimelist.net/profile/aissam_elkd
21;Aisukurimuh;https://myanimelist.net/profile/Aisukurimuh
22;Aithusa_;https://myanimelist.net/profile/Aithusa_
23;AivanK;https://myanimelist.net/profile/AivanK
24;Aiyana;https://myanimelist.net/profile/Aiyana
25;Aiyele_Ahiru;https://myanimelist.net/profile/Aiyele_Ahiru
26;Aizen90;https://myanimelist.net/profile/Aizen90
27;AizenAthariq;https://myanimelist.net/profile/AizenAthariq
28;ajames123;https://myanimelist.net/profile/ajames123
29;ajanovicedi;https://myanimelist.net/profile/ajanovicedi
30;ajasmines;https://myanimelist.net/profile/ajasmines
31;ajawiotnaoeir;https://myanimelist.net/profile/ajawiotnaoeir
32;Ajiban;https://myanimelist.net/profile/Ajiban
33;ajin12;https://myanimelist.net/profile/ajin12
34;AjinNya;https://myanimelist.net/profile/AjinNya
35;Ajinzz;https://myanimelist.net/profile/Ajinzz
0;Ajjusac2001;https://myanimelist.net/profile/Ajjusac2001
1;AjkaChan;https://myanimelist.net/profile/AjkaChan
2;ajkla;https://myanimelist.net/profile/ajkla
3;Ajoura;https://myanimelist.net/profile/Ajoura
4;AJX2377;https://myanimelist.net/profile/AJX2377
5;Aj_SmilesXIV;https://myanimelist.net/profile/Aj_SmilesXIV
6;AK063;https://myanimelist.net/profile/AK063
7;ak1bo_1412;https://myanimelist.net/profile/ak1bo_1412
8;Akabawi;https://myanimelist.net/profile/Akabawi
9;akaerna_;https://myanimelist.net/profile/akaerna_
10;Akagami_No_Shanx;https://myanimelist.net/profile/Akagami_No_Shanx
11;Akagi-han;https://myanimelist.net/profile/Akagi-han
12;AkaiKiri;https://myanimelist.net/profile/AkaiKiri
13;Akaitto;https://myanimelist.net/profile/Akaitto
14;Akai_tenshi;https://myanimelist.net/profile/Akai_tenshi
15;akama101092;https://myanimelist.net/profile/akama101092
16;AkameGaKillem;https://myanimelist.net/profile/AkameGaKillem
17;Akame_Hiragi;https://myanimelist.net/profile/Akame_Hiragi
18;Akamitsu;https://myanimelist.net/profile/Akamitsu
19;akamurai;https://myanimelist.net/profile/akamurai
20;Akane;https://myanimelist.net/profile/Akane
21;Akaneki_mg0010;https://myanimelist.net/profile/Akaneki_mg0010
22;AkaneKuromi;https://myanimelist.net/profile/AkaneKuromi
23;Akanezora_;https://myanimelist.net/profile/Akanezora_
24;Akaonihime;https://myanimelist.net/profile/Akaonihime
25;akariaku;https://myanimelist.net/profile/akariaku
26;AkariChan;https://myanimelist.net/profile/AkariChan
27;AkariHours;https://myanimelist.net/profile/AkariHours
28;akasako;https://myanimelist.net/profile/akasako
29;AkashAnilkumar;https://myanimelist.net/profile/AkashAnilkumar
30;AkashiPrasta;https://myanimelist.net/profile/AkashiPrasta
31;akash_kise;https://myanimelist.net/profile/akash_kise
32;AkatsukiUlquiora;https://myanimelist.net/profile/AkatsukiUlquiora
33;Akelisia;https://myanimelist.net/profile/Akelisia
34;AkemiBrus;https://myanimelist.net/profile/AkemiBrus
35;akemichan303;https://myanimelist.net/profile/akemichan303
0;AkemiRin7;https://myanimelist.net/profile/AkemiRin7
1;Akeno_Yuki;https://myanimelist.net/profile/Akeno_Yuki
2;Aki;https://myanimelist.net/profile/Aki
3;Aki-Akabane;https://myanimelist.net/profile/Aki-Akabane
4;aki-hanada;https://myanimelist.net/profile/aki-hanada
5;Aki-sane;https://myanimelist.net/profile/Aki-sane
6;aki2ra;https://myanimelist.net/profile/aki2ra
7;AkibaTheNord;https://myanimelist.net/profile/AkibaTheNord
8;AkibZ;https://myanimelist.net/profile/AkibZ
9;akichandesu;https://myanimelist.net/profile/akichandesu
10;akidedleaves;https://myanimelist.net/profile/akidedleaves
11;Akie;https://myanimelist.net/profile/Akie
12;Akieraa;https://myanimelist.net/profile/Akieraa
13;AkiFosu;https://myanimelist.net/profile/AkiFosu
14;akihiko132;https://myanimelist.net/profile/akihiko132
15;AkiHime_;https://myanimelist.net/profile/AkiHime_
16;Akihisa;https://myanimelist.net/profile/Akihisa
17;Akiimu_Sama;https://myanimelist.net/profile/Akiimu_Sama
18;Akina-Akamine;https://myanimelist.net/profile/Akina-Akamine
19;AkinoBlade;https://myanimelist.net/profile/AkinoBlade
20;Akio;https://myanimelist.net/profile/Akio
21;Akio-kun;https://myanimelist.net/profile/Akio-kun
22;AkioKazuhira;https://myanimelist.net/profile/AkioKazuhira
23;Akira;https://myanimelist.net/profile/Akira
24;Akira-Hiiragi;https://myanimelist.net/profile/Akira-Hiiragi
25;Akira-Shimizu;https://myanimelist.net/profile/Akira-Shimizu
26;Akiraa-kun;https://myanimelist.net/profile/Akiraa-kun
27;Akiracchi;https://myanimelist.net/profile/Akiracchi
28;akirafudo;https://myanimelist.net/profile/akirafudo
29;akirakishitani;https://myanimelist.net/profile/akirakishitani
30;Akira_Ani;https://myanimelist.net/profile/Akira_Ani
31;Akira_Renji;https://myanimelist.net/profile/Akira_Renji
32;AkireMae;https://myanimelist.net/profile/AkireMae
33;AkiRizuna;https://myanimelist.net/profile/AkiRizuna
34;Akisame113;https://myanimelist.net/profile/Akisame113
35;AkiSenzei;https://myanimelist.net/profile/AkiSenzei
0;Akiteck;https://myanimelist.net/profile/Akiteck
1;akitokitty;https://myanimelist.net/profile/akitokitty
2;AkitoTheGambler;https://myanimelist.net/profile/AkitoTheGambler
3;Akito_Kinomoto;https://myanimelist.net/profile/Akito_Kinomoto
4;Aki_Hanare;https://myanimelist.net/profile/Aki_Hanare
5;akkive;https://myanimelist.net/profile/akkive
6;akko_chan;https://myanimelist.net/profile/akko_chan
7;Ako-;https://myanimelist.net/profile/Ako-
8;akonij;https://myanimelist.net/profile/akonij
9;Akram1995;https://myanimelist.net/profile/Akram1995
10;Akrayunox;https://myanimelist.net/profile/Akrayunox
11;Akselas;https://myanimelist.net/profile/Akselas
12;Akshay-akki;https://myanimelist.net/profile/Akshay-akki
13;Akshaykorve1;https://myanimelist.net/profile/Akshaykorve1
14;aktpulo1;https://myanimelist.net/profile/aktpulo1
15;AktynN;https://myanimelist.net/profile/AktynN
16;Akukunshu;https://myanimelist.net/profile/Akukunshu
17;akuma2002;https://myanimelist.net/profile/akuma2002
18;Akumah00;https://myanimelist.net/profile/Akumah00
19;AkumaHomura;https://myanimelist.net/profile/AkumaHomura
20;AkumaTenshi13;https://myanimelist.net/profile/AkumaTenshi13
21;Akuma_no_Tsubasa;https://myanimelist.net/profile/Akuma_no_Tsubasa
22;akumi143manga;https://myanimelist.net/profile/akumi143manga
23;akumiie;https://myanimelist.net/profile/akumiie
24;AkuNoMusuko;https://myanimelist.net/profile/AkuNoMusuko
25;AkuseruVIII;https://myanimelist.net/profile/AkuseruVIII
26;akutasame94;https://myanimelist.net/profile/akutasame94
27;Akuteru;https://myanimelist.net/profile/Akuteru
28;Akuto;https://myanimelist.net/profile/Akuto
29;akuyaku-reijou;https://myanimelist.net/profile/akuyaku-reijou
30;AkxSkyzer;https://myanimelist.net/profile/AkxSkyzer
31;akz199;https://myanimelist.net/profile/akz199
32;Akzag;https://myanimelist.net/profile/Akzag
33;al07ice;https://myanimelist.net/profile/al07ice
34;Alainpogi;https://myanimelist.net/profile/Alainpogi
35;AlanaSenpai;https://myanimelist.net/profile/AlanaSenpai
0;Alandeyweson;https://myanimelist.net/profile/Alandeyweson
1;AlanWake28;https://myanimelist.net/profile/AlanWake28
2;Alara_usagi;https://myanimelist.net/profile/Alara_usagi
3;albatla;https://myanimelist.net/profile/albatla
4;albaxy;https://myanimelist.net/profile/albaxy
5;Albein;https://myanimelist.net/profile/Albein
6;Albel12;https://myanimelist.net/profile/Albel12
7;Albertix2300;https://myanimelist.net/profile/Albertix2300
8;albertrojas;https://myanimelist.net/profile/albertrojas
9;AlbinoNamekian;https://myanimelist.net/profile/AlbinoNamekian
10;AlbrightNex;https://myanimelist.net/profile/AlbrightNex
11;ALBRRA-H-D;https://myanimelist.net/profile/ALBRRA-H-D
12;Albrunyris;https://myanimelist.net/profile/Albrunyris
13;Alcaknight;https://myanimelist.net/profile/Alcaknight
14;alcamoth;https://myanimelist.net/profile/alcamoth
15;alcardo;https://myanimelist.net/profile/alcardo
16;alchemist54;https://myanimelist.net/profile/alchemist54
17;Alciel_Code;https://myanimelist.net/profile/Alciel_Code
18;Alcohol-Alchemy;https://myanimelist.net/profile/Alcohol-Alchemy
19;alcombra;https://myanimelist.net/profile/alcombra
20;alcrowry;https://myanimelist.net/profile/alcrowry
21;ALDAVISE;https://myanimelist.net/profile/ALDAVISE
22;aldr0n;https://myanimelist.net/profile/aldr0n
23;Aldy666;https://myanimelist.net/profile/Aldy666
24;aleaallee;https://myanimelist.net/profile/aleaallee
25;alecampeona;https://myanimelist.net/profile/alecampeona
26;aledoscope;https://myanimelist.net/profile/aledoscope
27;aleesya;https://myanimelist.net/profile/aleesya
28;AlejandroAC;https://myanimelist.net/profile/AlejandroAC
29;Alekia;https://myanimelist.net/profile/Alekia
30;ALEKSANA;https://myanimelist.net/profile/ALEKSANA
31;Alekseyix;https://myanimelist.net/profile/Alekseyix
32;AlekseyMikhailov;https://myanimelist.net/profile/AlekseyMikhailov
33;Alencon;https://myanimelist.net/profile/Alencon
34;Alendee;https://myanimelist.net/profile/Alendee
35;Alenni;https://myanimelist.net/profile/Alenni
0;AleNunesBR;https://myanimelist.net/profile/AleNunesBR
1;AleOdtsh;https://myanimelist.net/profile/AleOdtsh
2;aLert;https://myanimelist.net/profile/aLert
3;Alesito-Senpai;https://myanimelist.net/profile/Alesito-Senpai
4;Alex-1029;https://myanimelist.net/profile/Alex-1029
5;Alex-chii;https://myanimelist.net/profile/Alex-chii
6;Alex07;https://myanimelist.net/profile/Alex07
7;alex12082000;https://myanimelist.net/profile/alex12082000
8;Alex35012;https://myanimelist.net/profile/Alex35012
9;Alex950;https://myanimelist.net/profile/Alex950
10;alexanderadonis;https://myanimelist.net/profile/alexanderadonis
11;AlexanderLaCazet;https://myanimelist.net/profile/AlexanderLaCazet
12;alexanderyou;https://myanimelist.net/profile/alexanderyou
13;Alexander_rg;https://myanimelist.net/profile/Alexander_rg
14;AlexandriaCarney;https://myanimelist.net/profile/AlexandriaCarney
15;AlexBeats94;https://myanimelist.net/profile/AlexBeats94
16;Alexcruci;https://myanimelist.net/profile/Alexcruci
17;AlexdeLaValliere;https://myanimelist.net/profile/AlexdeLaValliere
18;Alexegnir;https://myanimelist.net/profile/Alexegnir
19;AlexGrissom;https://myanimelist.net/profile/AlexGrissom
20;AlexHenriqueEN;https://myanimelist.net/profile/AlexHenriqueEN
21;Alexis676;https://myanimelist.net/profile/Alexis676
22;AlexisD;https://myanimelist.net/profile/AlexisD
23;alexiusthecat;https://myanimelist.net/profile/alexiusthecat
24;alexkuznetsov;https://myanimelist.net/profile/alexkuznetsov
25;AlexPaulLEWZ;https://myanimelist.net/profile/AlexPaulLEWZ
26;alexsilener;https://myanimelist.net/profile/alexsilener
27;Alexstratz;https://myanimelist.net/profile/Alexstratz
28;Alexx_12341;https://myanimelist.net/profile/Alexx_12341
29;alex_lucifer;https://myanimelist.net/profile/alex_lucifer
30;Alex_S_Monteiro;https://myanimelist.net/profile/Alex_S_Monteiro
31;Alex_Touchdown;https://myanimelist.net/profile/Alex_Touchdown
32;AlezmerX;https://myanimelist.net/profile/AlezmerX
33;AlfaJorgito;https://myanimelist.net/profile/AlfaJorgito
34;ALfh3im;https://myanimelist.net/profile/ALfh3im
35;alfin_achaady;https://myanimelist.net/profile/alfin_achaady
0;Alfyan;https://myanimelist.net/profile/Alfyan
1;AlgaeDemon;https://myanimelist.net/profile/AlgaeDemon
2;Algorithm;https://myanimelist.net/profile/Algorithm
3;alhakim456;https://myanimelist.net/profile/alhakim456
4;alherrera101;https://myanimelist.net/profile/alherrera101
5;Ali-Magnat;https://myanimelist.net/profile/Ali-Magnat
6;ali22605;https://myanimelist.net/profile/ali22605
7;ali91;https://myanimelist.net/profile/ali91
8;Alice157;https://myanimelist.net/profile/Alice157
9;AliceA020;https://myanimelist.net/profile/AliceA020
10;AliceInOtakuland;https://myanimelist.net/profile/AliceInOtakuland
11;AliceLapin;https://myanimelist.net/profile/AliceLapin
12;AlicePocky;https://myanimelist.net/profile/AlicePocky
13;AliceWinblo;https://myanimelist.net/profile/AliceWinblo
14;AliceZ75;https://myanimelist.net/profile/AliceZ75
15;Alice_Arisu;https://myanimelist.net/profile/Alice_Arisu
16;Alice_White;https://myanimelist.net/profile/Alice_White
17;aliciarae;https://myanimelist.net/profile/aliciarae
18;Alicia_;https://myanimelist.net/profile/Alicia_
19;alicomethhere;https://myanimelist.net/profile/alicomethhere
20;aliensenshi;https://myanimelist.net/profile/aliensenshi
21;Aliferous;https://myanimelist.net/profile/Aliferous
22;alif_nazhan;https://myanimelist.net/profile/alif_nazhan
23;Alijah;https://myanimelist.net/profile/Alijah
24;alikhandro;https://myanimelist.net/profile/alikhandro
25;alincrs;https://myanimelist.net/profile/alincrs
26;alinktothefuture;https://myanimelist.net/profile/alinktothefuture
27;Aliqu;https://myanimelist.net/profile/Aliqu
28;aliquae;https://myanimelist.net/profile/aliquae
29;Alistair_ren;https://myanimelist.net/profile/Alistair_ren
30;Alittan;https://myanimelist.net/profile/Alittan
31;aliveyethollow;https://myanimelist.net/profile/aliveyethollow
32;Alixiris;https://myanimelist.net/profile/Alixiris
33;Ali_G;https://myanimelist.net/profile/Ali_G
34;ali_nds;https://myanimelist.net/profile/ali_nds
35;Ali_Raza_;https://myanimelist.net/profile/Ali_Raza_
0;alkaabiu;https://myanimelist.net/profile/alkaabiu
1;Alki;https://myanimelist.net/profile/Alki
2;All3n;https://myanimelist.net/profile/All3n
3;Allegiance;https://myanimelist.net/profile/Allegiance
4;allemandi96;https://myanimelist.net/profile/allemandi96
5;allenallenallen;https://myanimelist.net/profile/allenallenallen
6;Allenkey;https://myanimelist.net/profile/Allenkey
7;Allenkilla1;https://myanimelist.net/profile/Allenkilla1
8;AllenNoah;https://myanimelist.net/profile/AllenNoah
9;allenwonderland;https://myanimelist.net/profile/allenwonderland
10;Allen_Nadir;https://myanimelist.net/profile/Allen_Nadir
11;allflying;https://myanimelist.net/profile/allflying
12;Alliekfy;https://myanimelist.net/profile/Alliekfy
13;AllMyGirlsMimi;https://myanimelist.net/profile/AllMyGirlsMimi
14;Allsiss;https://myanimelist.net/profile/Allsiss
15;AllTheFeels13;https://myanimelist.net/profile/AllTheFeels13
16;Allwynd;https://myanimelist.net/profile/Allwynd
17;almightydingus;https://myanimelist.net/profile/almightydingus
18;almostacrayon;https://myanimelist.net/profile/almostacrayon
19;AlmostZer0;https://myanimelist.net/profile/AlmostZer0
20;almozayaf;https://myanimelist.net/profile/almozayaf
21;Almurabit;https://myanimelist.net/profile/Almurabit
22;AloAloices;https://myanimelist.net/profile/AloAloices
23;alobonjour;https://myanimelist.net/profile/alobonjour
24;Aloja;https://myanimelist.net/profile/Aloja
25;Alokoneses;https://myanimelist.net/profile/Alokoneses
26;ALOLAI;https://myanimelist.net/profile/ALOLAI
27;aloofa;https://myanimelist.net/profile/aloofa
28;aLooser;https://myanimelist.net/profile/aLooser
29;aloricg;https://myanimelist.net/profile/aloricg
30;Aloxamax;https://myanimelist.net/profile/Aloxamax
31;Alpacaaa;https://myanimelist.net/profile/Alpacaaa
32;alpacacupcake;https://myanimelist.net/profile/alpacacupcake
33;AlpacaSparkle;https://myanimelist.net/profile/AlpacaSparkle
34;Alpaca_in_scarf;https://myanimelist.net/profile/Alpaca_in_scarf
35;alpatrose;https://myanimelist.net/profile/alpatrose
0;Alpha-Methyl;https://myanimelist.net/profile/Alpha-Methyl
1;AlphaDW;https://myanimelist.net/profile/AlphaDW
2;AlphaHelix;https://myanimelist.net/profile/AlphaHelix
3;AlphaNoize;https://myanimelist.net/profile/AlphaNoize
4;AlphaPredator;https://myanimelist.net/profile/AlphaPredator
5;alphazero4um;https://myanimelist.net/profile/alphazero4um
6;Alphine;https://myanimelist.net/profile/Alphine
7;Alphyx;https://myanimelist.net/profile/Alphyx
8;AlpineChoco;https://myanimelist.net/profile/AlpineChoco
9;Alquez;https://myanimelist.net/profile/Alquez
10;Alraig_RedOphis;https://myanimelist.net/profile/Alraig_RedOphis
11;alrndpf;https://myanimelist.net/profile/alrndpf
12;Alseya;https://myanimelist.net/profile/Alseya
13;AlsoKnowAs;https://myanimelist.net/profile/AlsoKnowAs
14;alstreim14;https://myanimelist.net/profile/alstreim14
15;alt-z;https://myanimelist.net/profile/alt-z
16;Altair357;https://myanimelist.net/profile/Altair357
17;Altay545;https://myanimelist.net/profile/Altay545
18;alterafterglow;https://myanimelist.net/profile/alterafterglow
19;AlteredSaint;https://myanimelist.net/profile/AlteredSaint
20;Alternaloid;https://myanimelist.net/profile/Alternaloid
21;Alter_irl;https://myanimelist.net/profile/Alter_irl
22;Altioney;https://myanimelist.net/profile/Altioney
23;AltoRoark;https://myanimelist.net/profile/AltoRoark
24;AltostratuS;https://myanimelist.net/profile/AltostratuS
25;Alturiablue;https://myanimelist.net/profile/Alturiablue
26;AltWhite;https://myanimelist.net/profile/AltWhite
27;Alucard2490;https://myanimelist.net/profile/Alucard2490
28;Alucard41;https://myanimelist.net/profile/Alucard41
29;Alufei;https://myanimelist.net/profile/Alufei
30;Alukai;https://myanimelist.net/profile/Alukai
31;alun_a;https://myanimelist.net/profile/alun_a
32;AluSsak;https://myanimelist.net/profile/AluSsak
33;alva13;https://myanimelist.net/profile/alva13
34;Alvando;https://myanimelist.net/profile/Alvando
35;alvarito101093;https://myanimelist.net/profile/alvarito101093
0;Alviam099;https://myanimelist.net/profile/Alviam099
1;Alvster;https://myanimelist.net/profile/Alvster
2;Always-Hungry;https://myanimelist.net/profile/Always-Hungry
3;alwaysdreaming--;https://myanimelist.net/profile/alwaysdreaming--
4;alwayshungryhan;https://myanimelist.net/profile/alwayshungryhan
5;AlwaysTheBackup;https://myanimelist.net/profile/AlwaysTheBackup
6;Always_Has_Been;https://myanimelist.net/profile/Always_Has_Been
7;alyaa98;https://myanimelist.net/profile/alyaa98
8;Alycen;https://myanimelist.net/profile/Alycen
9;alycharf;https://myanimelist.net/profile/alycharf
10;Alyelqady;https://myanimelist.net/profile/Alyelqady
11;Alykun;https://myanimelist.net/profile/Alykun
12;Alyneza;https://myanimelist.net/profile/Alyneza
13;alyshia_mccauley;https://myanimelist.net/profile/alyshia_mccauley
14;Alyssama;https://myanimelist.net/profile/Alyssama
15;AlyssaTheLamb;https://myanimelist.net/profile/AlyssaTheLamb
16;alyssa_vaz;https://myanimelist.net/profile/alyssa_vaz
17;Alyvea;https://myanimelist.net/profile/Alyvea
18;Alyxsandre;https://myanimelist.net/profile/Alyxsandre
19;alyzzanyan;https://myanimelist.net/profile/alyzzanyan
20;Aly_Eldeen;https://myanimelist.net/profile/Aly_Eldeen
21;Alzsaland;https://myanimelist.net/profile/Alzsaland
22;Am-In;https://myanimelist.net/profile/Am-In
23;Am1m3Fr3ak;https://myanimelist.net/profile/Am1m3Fr3ak
24;Amacchi11;https://myanimelist.net/profile/Amacchi11
25;AmadeoLudovico;https://myanimelist.net/profile/AmadeoLudovico
26;amadilo;https://myanimelist.net/profile/amadilo
27;Amado94;https://myanimelist.net/profile/Amado94
28;Amaevus;https://myanimelist.net/profile/Amaevus
29;Amakokoro;https://myanimelist.net/profile/Amakokoro
30;Amalekite;https://myanimelist.net/profile/Amalekite
31;amalthea22;https://myanimelist.net/profile/amalthea22
32;AmamiyaKyouka;https://myanimelist.net/profile/AmamiyaKyouka
33;amandachristy;https://myanimelist.net/profile/amandachristy
34;amandala;https://myanimelist.net/profile/amandala
35;AmandaSugimoto;https://myanimelist.net/profile/AmandaSugimoto
0;amanitvam;https://myanimelist.net/profile/amanitvam
1;Amano_Yuki;https://myanimelist.net/profile/Amano_Yuki
2;Aman_Bhaskar;https://myanimelist.net/profile/Aman_Bhaskar
3;Amarila;https://myanimelist.net/profile/Amarila
4;Amarychuu;https://myanimelist.net/profile/Amarychuu
5;amasawa2600;https://myanimelist.net/profile/amasawa2600
6;amathy;https://myanimelist.net/profile/amathy
7;AmazingFateX;https://myanimelist.net/profile/AmazingFateX
8;ama_;https://myanimelist.net/profile/ama_
9;amb1d3x;https://myanimelist.net/profile/amb1d3x
10;Ambient_AI;https://myanimelist.net/profile/Ambient_AI
11;ambrose7;https://myanimelist.net/profile/ambrose7
12;ambrr;https://myanimelist.net/profile/ambrr
13;Ame-Drop;https://myanimelist.net/profile/Ame-Drop
14;Ameer-Haider69;https://myanimelist.net/profile/Ameer-Haider69
15;amefleur;https://myanimelist.net/profile/amefleur
16;Amekage;https://myanimelist.net/profile/Amekage
17;Amelexie;https://myanimelist.net/profile/Amelexie
18;AmeliaSarah;https://myanimelist.net/profile/AmeliaSarah
19;ameltouati;https://myanimelist.net/profile/ameltouati
20;Amenophyckxs;https://myanimelist.net/profile/Amenophyckxs
21;ameribitch;https://myanimelist.net/profile/ameribitch
22;American_Artist;https://myanimelist.net/profile/American_Artist
23;AmeriLA;https://myanimelist.net/profile/AmeriLA
24;Amestor04;https://myanimelist.net/profile/Amestor04
25;Ametatsu;https://myanimelist.net/profile/Ametatsu
26;Ameterasu88;https://myanimelist.net/profile/Ameterasu88
27;Ametsukki;https://myanimelist.net/profile/Ametsukki
28;Ameyz7;https://myanimelist.net/profile/Ameyz7
29;Ame_Tenshi;https://myanimelist.net/profile/Ame_Tenshi
30;Amffy;https://myanimelist.net/profile/Amffy
31;Amigo-sama;https://myanimelist.net/profile/Amigo-sama
32;Amiiee;https://myanimelist.net/profile/Amiiee
33;aminaabir1233;https://myanimelist.net/profile/aminaabir1233
34;Aminepain;https://myanimelist.net/profile/Aminepain
35;Aminx;https://myanimelist.net/profile/Aminx
0;amir;https://myanimelist.net/profile/amir
1;amirkyunn;https://myanimelist.net/profile/amirkyunn
2;amirulasyraf;https://myanimelist.net/profile/amirulasyraf
3;Amishima;https://myanimelist.net/profile/Amishima
4;Ami_k;https://myanimelist.net/profile/Ami_k
5;Amnael;https://myanimelist.net/profile/Amnael
6;Amneh;https://myanimelist.net/profile/Amneh
7;AmonAmar;https://myanimelist.net/profile/AmonAmar
8;Amorwe;https://myanimelist.net/profile/Amorwe
9;Amo_;https://myanimelist.net/profile/Amo_
10;Amphetamine;https://myanimelist.net/profile/Amphetamine
11;Amruth_Vs;https://myanimelist.net/profile/Amruth_Vs
12;amstrak;https://myanimelist.net/profile/amstrak
13;Amuga;https://myanimelist.net/profile/Amuga
14;Amun-Ra;https://myanimelist.net/profile/Amun-Ra
15;AmuxIkutolover;https://myanimelist.net/profile/AmuxIkutolover
16;AMVFEVER;https://myanimelist.net/profile/AMVFEVER
17;AmY0092;https://myanimelist.net/profile/AmY0092
18;AmyTwo;https://myanimelist.net/profile/AmyTwo
19;AM_00;https://myanimelist.net/profile/AM_00
20;An1_man1ac;https://myanimelist.net/profile/An1_man1ac
21;Ana-nyam;https://myanimelist.net/profile/Ana-nyam
22;ANA1979;https://myanimelist.net/profile/ANA1979
23;ana21;https://myanimelist.net/profile/ana21
24;anaaga;https://myanimelist.net/profile/anaaga
25;AnaCast;https://myanimelist.net/profile/AnaCast
26;anachronic;https://myanimelist.net/profile/anachronic
27;Anah023;https://myanimelist.net/profile/Anah023
28;Anakat_sama;https://myanimelist.net/profile/Anakat_sama
29;anakawaii47;https://myanimelist.net/profile/anakawaii47
30;AnalogDegen;https://myanimelist.net/profile/AnalogDegen
31;ANALYZION;https://myanimelist.net/profile/ANALYZION
32;Anama;https://myanimelist.net/profile/Anama
33;ananakfhff;https://myanimelist.net/profile/ananakfhff
34;Ananda_Adnan;https://myanimelist.net/profile/Ananda_Adnan
35;anandthama;https://myanimelist.net/profile/anandthama
0;Ananya;https://myanimelist.net/profile/Ananya
1;AnanyaS;https://myanimelist.net/profile/AnanyaS
2;AnassBen;https://myanimelist.net/profile/AnassBen
3;AnastasiaLilium;https://myanimelist.net/profile/AnastasiaLilium
4;Anasuna;https://myanimelist.net/profile/Anasuna
5;AnataawA;https://myanimelist.net/profile/AnataawA
6;Anathor;https://myanimelist.net/profile/Anathor
7;AnAverageJoe;https://myanimelist.net/profile/AnAverageJoe
8;Ancestroll;https://myanimelist.net/profile/Ancestroll
9;Anchero;https://myanimelist.net/profile/Anchero
10;AnchiHiro;https://myanimelist.net/profile/AnchiHiro
11;AncientHax;https://myanimelist.net/profile/AncientHax
12;AncientLoliGod;https://myanimelist.net/profile/AncientLoliGod
13;Andan210;https://myanimelist.net/profile/Andan210
14;Anderson1004;https://myanimelist.net/profile/Anderson1004
15;AndersP;https://myanimelist.net/profile/AndersP
16;AnderzSan;https://myanimelist.net/profile/AnderzSan
17;Andhakara;https://myanimelist.net/profile/Andhakara
18;Andhrimnir;https://myanimelist.net/profile/Andhrimnir
19;AndiBel;https://myanimelist.net/profile/AndiBel
20;Andiff;https://myanimelist.net/profile/Andiff
21;Andlena;https://myanimelist.net/profile/Andlena
22;AndoCommando;https://myanimelist.net/profile/AndoCommando
23;Andrasius;https://myanimelist.net/profile/Andrasius
24;andrealinia;https://myanimelist.net/profile/andrealinia
25;Andreig98;https://myanimelist.net/profile/Andreig98
26;Andreikun;https://myanimelist.net/profile/Andreikun
27;andrekun6969;https://myanimelist.net/profile/andrekun6969
28;AndrePondre;https://myanimelist.net/profile/AndrePondre
29;Andrew1711;https://myanimelist.net/profile/Andrew1711
30;AndrewFrost;https://myanimelist.net/profile/AndrewFrost
31;AndrewFuchi;https://myanimelist.net/profile/AndrewFuchi
32;AndrewJacks99;https://myanimelist.net/profile/AndrewJacks99
33;Andrew_G_Dragon;https://myanimelist.net/profile/Andrew_G_Dragon
34;Andrey793;https://myanimelist.net/profile/Andrey793
35;Andrika99;https://myanimelist.net/profile/Andrika99
0;AndroAlbaneZ1;https://myanimelist.net/profile/AndroAlbaneZ1
1;Android17;https://myanimelist.net/profile/Android17
2;AndroidJacket;https://myanimelist.net/profile/AndroidJacket
3;AndroidRoberts;https://myanimelist.net/profile/AndroidRoberts
4;Andromeda;https://myanimelist.net/profile/Andromeda
5;Andy10;https://myanimelist.net/profile/Andy10
6;Andy2468;https://myanimelist.net/profile/Andy2468
7;andy97;https://myanimelist.net/profile/andy97
8;AndyBR9;https://myanimelist.net/profile/AndyBR9
9;AndyCrafts;https://myanimelist.net/profile/AndyCrafts
10;andycupid;https://myanimelist.net/profile/andycupid
11;AndyL93;https://myanimelist.net/profile/AndyL93
12;AndyPRO;https://myanimelist.net/profile/AndyPRO
13;AndyRayy;https://myanimelist.net/profile/AndyRayy
14;AndyShoes;https://myanimelist.net/profile/AndyShoes
15;andystory;https://myanimelist.net/profile/andystory
16;AndyZim;https://myanimelist.net/profile/AndyZim
17;Aneesh_Anu;https://myanimelist.net/profile/Aneesh_Anu
18;Anekito;https://myanimelist.net/profile/Anekito
19;Anema666;https://myanimelist.net/profile/Anema666
20;AneName29;https://myanimelist.net/profile/AneName29
21;aneptuna;https://myanimelist.net/profile/aneptuna
22;Anevo;https://myanimelist.net/profile/Anevo
23;aneyaru;https://myanimelist.net/profile/aneyaru
24;Anfaros;https://myanimelist.net/profile/Anfaros
25;AngeDelarien;https://myanimelist.net/profile/AngeDelarien
26;AngelaJoestar;https://myanimelist.net/profile/AngelaJoestar
27;angelann_182000;https://myanimelist.net/profile/angelann_182000
28;AngelAyase;https://myanimelist.net/profile/AngelAyase
29;Angelblade20;https://myanimelist.net/profile/Angelblade20
30;Angelclaw;https://myanimelist.net/profile/Angelclaw
31;angelcode00;https://myanimelist.net/profile/angelcode00
32;Angelerator;https://myanimelist.net/profile/Angelerator
33;AngelicFeces;https://myanimelist.net/profile/AngelicFeces
34;AngelLuka;https://myanimelist.net/profile/AngelLuka
35;AngelNikku;https://myanimelist.net/profile/AngelNikku
0;Angelo-Murasama-;https://myanimelist.net/profile/Angelo-Murasama-
1;AngelofDust23;https://myanimelist.net/profile/AngelofDust23
2;AngeloidChaos;https://myanimelist.net/profile/AngeloidChaos
3;AngeloidHime;https://myanimelist.net/profile/AngeloidHime
4;Angelorum;https://myanimelist.net/profile/Angelorum
5;AngelPlayer9;https://myanimelist.net/profile/AngelPlayer9
6;AngelRin;https://myanimelist.net/profile/AngelRin
7;AngelsArcanum;https://myanimelist.net/profile/AngelsArcanum
8;AngelsFly;https://myanimelist.net/profile/AngelsFly
9;AngelusBarney;https://myanimelist.net/profile/AngelusBarney
10;Angel_Devil;https://myanimelist.net/profile/Angel_Devil
11;Angel__anime;https://myanimelist.net/profile/Angel__anime
12;angerry;https://myanimelist.net/profile/angerry
13;Angevilly;https://myanimelist.net/profile/Angevilly
14;anggunnindi_;https://myanimelist.net/profile/anggunnindi_
15;Angie_kawaii;https://myanimelist.net/profile/Angie_kawaii
16;angie_xiny;https://myanimelist.net/profile/angie_xiny
17;ANGRY2011;https://myanimelist.net/profile/ANGRY2011
18;Angrybeet;https://myanimelist.net/profile/Angrybeet
19;angrybird69;https://myanimelist.net/profile/angrybird69
20;AngryBlackDog;https://myanimelist.net/profile/AngryBlackDog
21;angrynoona;https://myanimelist.net/profile/angrynoona
22;angry_-panda;https://myanimelist.net/profile/angry_-panda
23;Anguished;https://myanimelist.net/profile/Anguished
24;AnguishedOne;https://myanimelist.net/profile/AnguishedOne
25;AnguisNox;https://myanimelist.net/profile/AnguisNox
26;Angus;https://myanimelist.net/profile/Angus
27;Anh3donia;https://myanimelist.net/profile/Anh3donia
28;Anhicek;https://myanimelist.net/profile/Anhicek
29;anhthuongemsong;https://myanimelist.net/profile/anhthuongemsong
30;anibalance;https://myanimelist.net/profile/anibalance
31;AniDeMax;https://myanimelist.net/profile/AniDeMax
32;Aniebaw;https://myanimelist.net/profile/Aniebaw
33;anifan;https://myanimelist.net/profile/anifan
34;aniguy69;https://myanimelist.net/profile/aniguy69
35;Aniki4444;https://myanimelist.net/profile/Aniki4444
0;anikulyasi;https://myanimelist.net/profile/anikulyasi
1;Anim3Punk;https://myanimelist.net/profile/Anim3Punk
2;Animanga178;https://myanimelist.net/profile/Animanga178
3;animangafreak_ZX;https://myanimelist.net/profile/animangafreak_ZX
4;animangaline;https://myanimelist.net/profile/animangaline
5;animaniak89;https://myanimelist.net/profile/animaniak89
6;Animazed-;https://myanimelist.net/profile/Animazed-
7;Anime-Boi;https://myanimelist.net/profile/Anime-Boi
8;ANIME-ONURII;https://myanimelist.net/profile/ANIME-ONURII
9;anime0fairy;https://myanimelist.net/profile/anime0fairy
10;Anime102548;https://myanimelist.net/profile/Anime102548
11;anime90;https://myanimelist.net/profile/anime90
12;AnimeAddict117;https://myanimelist.net/profile/AnimeAddict117
13;AnimeAddictKing;https://myanimelist.net/profile/AnimeAddictKing
14;animeandstuff;https://myanimelist.net/profile/animeandstuff
15;Animeanime2;https://myanimelist.net/profile/Animeanime2
16;AnimeApollo;https://myanimelist.net/profile/AnimeApollo
17;AnimeAria;https://myanimelist.net/profile/AnimeAria
18;animeartlover;https://myanimelist.net/profile/animeartlover
19;animeBee1ver;https://myanimelist.net/profile/animeBee1ver
20;AnimeboyAnubhab;https://myanimelist.net/profile/AnimeboyAnubhab
21;animecat1234;https://myanimelist.net/profile/animecat1234
22;AnimeChatReviews;https://myanimelist.net/profile/AnimeChatReviews
23;animecourtney999;https://myanimelist.net/profile/animecourtney999
24;AnimeCreed;https://myanimelist.net/profile/AnimeCreed
25;AnimeCruizer;https://myanimelist.net/profile/AnimeCruizer
26;animedude45;https://myanimelist.net/profile/animedude45
27;AnimeErtugrul;https://myanimelist.net/profile/AnimeErtugrul
28;animefan0071;https://myanimelist.net/profile/animefan0071
29;AnimeFan500;https://myanimelist.net/profile/AnimeFan500
30;animefanftw;https://myanimelist.net/profile/animefanftw
31;AnimeFanFTW25;https://myanimelist.net/profile/AnimeFanFTW25
32;AnimeFanUnknown;https://myanimelist.net/profile/AnimeFanUnknown
33;animefinessah;https://myanimelist.net/profile/animefinessah
34;AnimeFoLife21;https://myanimelist.net/profile/AnimeFoLife21
35;AnimeforAL;https://myanimelist.net/profile/AnimeforAL
0;AnimeFreaak;https://myanimelist.net/profile/AnimeFreaak
1;AnimeFreak126;https://myanimelist.net/profile/AnimeFreak126
2;animefreaks15;https://myanimelist.net/profile/animefreaks15
3;Animefreak_96;https://myanimelist.net/profile/Animefreak_96
4;AnimeGal2891;https://myanimelist.net/profile/AnimeGal2891
5;AnimeGenork;https://myanimelist.net/profile/AnimeGenork
6;animegirlism;https://myanimelist.net/profile/animegirlism
7;animegirlx16;https://myanimelist.net/profile/animegirlx16
8;animegirlxo95;https://myanimelist.net/profile/animegirlxo95
9;AnimeGoddess;https://myanimelist.net/profile/AnimeGoddess
10;animegoddess15;https://myanimelist.net/profile/animegoddess15
11;animegotmelike;https://myanimelist.net/profile/animegotmelike
12;animegrrrl;https://myanimelist.net/profile/animegrrrl
13;animeguy478;https://myanimelist.net/profile/animeguy478
14;AnimeHarem_King;https://myanimelist.net/profile/AnimeHarem_King
15;AnimeHelper_;https://myanimelist.net/profile/AnimeHelper_
16;animehm;https://myanimelist.net/profile/animehm
17;AnimeHolicsOrg;https://myanimelist.net/profile/AnimeHolicsOrg
18;AnimeHolicTops;https://myanimelist.net/profile/AnimeHolicTops
19;AnimeHoney;https://myanimelist.net/profile/AnimeHoney
20;Animeindian;https://myanimelist.net/profile/Animeindian
21;AnimeIsFab;https://myanimelist.net/profile/AnimeIsFab
22;animejnkie;https://myanimelist.net/profile/animejnkie
23;AnimeKami;https://myanimelist.net/profile/AnimeKami
24;Animekid3;https://myanimelist.net/profile/Animekid3
25;animeking29;https://myanimelist.net/profile/animeking29
26;AnimeKing40;https://myanimelist.net/profile/AnimeKing40
27;animelancer;https://myanimelist.net/profile/animelancer
28;animelistname;https://myanimelist.net/profile/animelistname
29;animelly;https://myanimelist.net/profile/animelly
30;AnimeLuver4Life;https://myanimelist.net/profile/AnimeLuver4Life
31;AnimeMan52;https://myanimelist.net/profile/AnimeMan52
32;AnimeMangaAsh;https://myanimelist.net/profile/AnimeMangaAsh
33;AnimemazingDucky;https://myanimelist.net/profile/AnimemazingDucky
34;animemily;https://myanimelist.net/profile/animemily
35;animenation1;https://myanimelist.net/profile/animenation1
0;animeno;https://myanimelist.net/profile/animeno
1;animeofgood;https://myanimelist.net/profile/animeofgood
2;AnimeOtakuDesu;https://myanimelist.net/profile/AnimeOtakuDesu
3;AnimeOverlord;https://myanimelist.net/profile/AnimeOverlord
4;animepanda1o1;https://myanimelist.net/profile/animepanda1o1
5;animeparadise111;https://myanimelist.net/profile/animeparadise111
6;AnimeParoxysm;https://myanimelist.net/profile/AnimeParoxysm
7;AnimePianoangel;https://myanimelist.net/profile/AnimePianoangel
8;Animepleb28;https://myanimelist.net/profile/Animepleb28
9;animeposting;https://myanimelist.net/profile/animeposting
10;animerickover;https://myanimelist.net/profile/animerickover
11;AniMeriiFreak;https://myanimelist.net/profile/AniMeriiFreak
12;Animer_man;https://myanimelist.net/profile/Animer_man
13;animesannin;https://myanimelist.net/profile/animesannin
14;AnimeSlayer66;https://myanimelist.net/profile/AnimeSlayer66
15;animesmarty2012;https://myanimelist.net/profile/animesmarty2012
16;AnimeSoap;https://myanimelist.net/profile/AnimeSoap
17;AnimeSpirits;https://myanimelist.net/profile/AnimeSpirits
18;AnimeStarsLover;https://myanimelist.net/profile/AnimeStarsLover
19;Animestic;https://myanimelist.net/profile/Animestic
20;Animeswank;https://myanimelist.net/profile/Animeswank
21;AnImeToXiK;https://myanimelist.net/profile/AnImeToXiK
22;Animetwins;https://myanimelist.net/profile/Animetwins
23;animeu_fanu;https://myanimelist.net/profile/animeu_fanu
24;animevortexNG;https://myanimelist.net/profile/animevortexNG
25;AnimeWatcher408;https://myanimelist.net/profile/AnimeWatcher408
26;animewatcher9981;https://myanimelist.net/profile/animewatcher9981
27;AnimeXL;https://myanimelist.net/profile/AnimeXL
28;animeyesnyan;https://myanimelist.net/profile/animeyesnyan
29;AnimeZ0id;https://myanimelist.net/profile/AnimeZ0id
30;AnimezDxD;https://myanimelist.net/profile/AnimezDxD
31;anime_chibi1290;https://myanimelist.net/profile/anime_chibi1290
32;Anime_Consumer;https://myanimelist.net/profile/Anime_Consumer
33;Anime_Critic;https://myanimelist.net/profile/Anime_Critic
34;Anime_Dog;https://myanimelist.net/profile/Anime_Dog
35;anime_fandomartz;https://myanimelist.net/profile/anime_fandomartz
0;Anime_Freak_0101;https://myanimelist.net/profile/Anime_Freak_0101
1;Anime_Girl22;https://myanimelist.net/profile/Anime_Girl22
2;anime_god16;https://myanimelist.net/profile/anime_god16
3;Anime_Jaeger;https://myanimelist.net/profile/Anime_Jaeger
4;anime_mantabh;https://myanimelist.net/profile/anime_mantabh
5;animodependent;https://myanimelist.net/profile/animodependent
6;AnimooJohn;https://myanimelist.net/profile/AnimooJohn
7;AniMovie;https://myanimelist.net/profile/AniMovie
8;AnimuPsycho;https://myanimelist.net/profile/AnimuPsycho
9;aninan;https://myanimelist.net/profile/aninan
10;Anise_Punter;https://myanimelist.net/profile/Anise_Punter
11;Aniulka1126;https://myanimelist.net/profile/Aniulka1126
12;Aniu_;https://myanimelist.net/profile/Aniu_
13;AnivAssassin01;https://myanimelist.net/profile/AnivAssassin01
14;Aniver;https://myanimelist.net/profile/Aniver
15;anjelix;https://myanimelist.net/profile/anjelix
16;AnjuRatty;https://myanimelist.net/profile/AnjuRatty
17;AnjuuWasTaken;https://myanimelist.net/profile/AnjuuWasTaken
18;Ankit12341010;https://myanimelist.net/profile/Ankit12341010
19;Ankithadam;https://myanimelist.net/profile/Ankithadam
20;AnkoLnk;https://myanimelist.net/profile/AnkoLnk
21;Anna;https://myanimelist.net/profile/Anna
22;Annabeth_96;https://myanimelist.net/profile/Annabeth_96
23;annadarkswan;https://myanimelist.net/profile/annadarkswan
24;AnnaJellicle13;https://myanimelist.net/profile/AnnaJellicle13
25;AnnaLua;https://myanimelist.net/profile/AnnaLua
26;AnnaMeee;https://myanimelist.net/profile/AnnaMeee
27;annatheromantic;https://myanimelist.net/profile/annatheromantic
28;AnnihilatingAce;https://myanimelist.net/profile/AnnihilatingAce
29;Annis;https://myanimelist.net/profile/Annis
30;annmaryjay;https://myanimelist.net/profile/annmaryjay
31;AnnOrZ;https://myanimelist.net/profile/AnnOrZ
32;AnnoyingTiger888;https://myanimelist.net/profile/AnnoyingTiger888
33;Annswwr;https://myanimelist.net/profile/Annswwr
34;Annuit;https://myanimelist.net/profile/Annuit
35;AnnxAMV;https://myanimelist.net/profile/AnnxAMV
0;Ano17;https://myanimelist.net/profile/Ano17
1;anoeoko;https://myanimelist.net/profile/anoeoko
2;AnomalyTheGreat;https://myanimelist.net/profile/AnomalyTheGreat
3;Anoname_;https://myanimelist.net/profile/Anoname_
4;Anonamoose_pvpz;https://myanimelist.net/profile/Anonamoose_pvpz
5;Anondesuu;https://myanimelist.net/profile/Anondesuu
6;anonletni;https://myanimelist.net/profile/anonletni
7;Anonymous_User54;https://myanimelist.net/profile/Anonymous_User54
8;Anonymuz;https://myanimelist.net/profile/Anonymuz
9;Anoo-Domini;https://myanimelist.net/profile/Anoo-Domini
10;Anotherfan;https://myanimelist.net/profile/Anotherfan
11;AnotherFreeSoul;https://myanimelist.net/profile/AnotherFreeSoul
12;Anowser;https://myanimelist.net/profile/Anowser
13;anpanmayo;https://myanimelist.net/profile/anpanmayo
14;anpucamilla;https://myanimelist.net/profile/anpucamilla
15;Ansa;https://myanimelist.net/profile/Ansa
16;AnshM;https://myanimelist.net/profile/AnshM
17;antabakax;https://myanimelist.net/profile/antabakax
18;Antagonized;https://myanimelist.net/profile/Antagonized
19;Anti-Kai;https://myanimelist.net/profile/Anti-Kai
20;Antigringo;https://myanimelist.net/profile/Antigringo
21;AntiHero911;https://myanimelist.net/profile/AntiHero911
22;Anti_Meta;https://myanimelist.net/profile/Anti_Meta
23;AntMan95;https://myanimelist.net/profile/AntMan95
24;Antoinne;https://myanimelist.net/profile/Antoinne
25;Antolin;https://myanimelist.net/profile/Antolin
26;antoniojin;https://myanimelist.net/profile/antoniojin
27;AntonioWux;https://myanimelist.net/profile/AntonioWux
28;AntonKutovoi;https://myanimelist.net/profile/AntonKutovoi
29;AntonyRedgrave;https://myanimelist.net/profile/AntonyRedgrave
30;Antwann;https://myanimelist.net/profile/Antwann
31;Antwere;https://myanimelist.net/profile/Antwere
32;AnukTorsat;https://myanimelist.net/profile/AnukTorsat
33;Anyelo-sama;https://myanimelist.net/profile/Anyelo-sama
34;anyideas;https://myanimelist.net/profile/anyideas
35;Anzon;https://myanimelist.net/profile/Anzon
0;Anzurk;https://myanimelist.net/profile/Anzurk
1;An_A;https://myanimelist.net/profile/An_A
2;An_amazing_world;https://myanimelist.net/profile/An_amazing_world
3;Ao;https://myanimelist.net/profile/Ao
4;Ao-hoshi;https://myanimelist.net/profile/Ao-hoshi
5;AobasDramaBooty;https://myanimelist.net/profile/AobasDramaBooty
6;AoDream;https://myanimelist.net/profile/AoDream
7;Aohau;https://myanimelist.net/profile/Aohau
8;Aohh;https://myanimelist.net/profile/Aohh
9;AoiCore;https://myanimelist.net/profile/AoiCore
10;Aoiitami;https://myanimelist.net/profile/Aoiitami
11;AOIKazuya;https://myanimelist.net/profile/AOIKazuya
12;Aoiko;https://myanimelist.net/profile/Aoiko
13;AoiMizu;https://myanimelist.net/profile/AoiMizu
14;Aoinokokoro;https://myanimelist.net/profile/Aoinokokoro
15;AOIsama;https://myanimelist.net/profile/AOIsama
16;aoisoraa;https://myanimelist.net/profile/aoisoraa
17;Aoi_Hidaka;https://myanimelist.net/profile/Aoi_Hidaka
18;AoKirisaki;https://myanimelist.net/profile/AoKirisaki
19;AoNeko90;https://myanimelist.net/profile/AoNeko90
20;AoNoOuranTitan;https://myanimelist.net/profile/AoNoOuranTitan
21;Aos_lover017;https://myanimelist.net/profile/Aos_lover017
22;Aoyokyameru;https://myanimelist.net/profile/Aoyokyameru
23;Aozora7;https://myanimelist.net/profile/Aozora7
24;aozora_peace;https://myanimelist.net/profile/aozora_peace
25;ao_no_exo;https://myanimelist.net/profile/ao_no_exo
26;ap92;https://myanimelist.net/profile/ap92
27;apalo111;https://myanimelist.net/profile/apalo111
28;Apati;https://myanimelist.net/profile/Apati
29;APaula;https://myanimelist.net/profile/APaula
30;APEFOOL;https://myanimelist.net/profile/APEFOOL
31;aphe;https://myanimelist.net/profile/aphe
32;aphirst;https://myanimelist.net/profile/aphirst
33;aPhosu;https://myanimelist.net/profile/aPhosu
34;AphoticPassion;https://myanimelist.net/profile/AphoticPassion
35;Apineapple;https://myanimelist.net/profile/Apineapple
0;apocasu;https://myanimelist.net/profile/apocasu
1;Apoc_Revolution;https://myanimelist.net/profile/Apoc_Revolution
2;Apolinho;https://myanimelist.net/profile/Apolinho
3;Apollo;https://myanimelist.net/profile/Apollo
4;Apollo_Madao;https://myanimelist.net/profile/Apollo_Madao
5;Aporie;https://myanimelist.net/profile/Aporie
6;Appa;https://myanimelist.net/profile/Appa
7;appaweeb;https://myanimelist.net/profile/appaweeb
8;Appeared;https://myanimelist.net/profile/Appeared
9;applebutter;https://myanimelist.net/profile/applebutter
10;Applescauce;https://myanimelist.net/profile/Applescauce
11;Appletorch;https://myanimelist.net/profile/Appletorch
12;applewitch;https://myanimelist.net/profile/applewitch
13;AppoX;https://myanimelist.net/profile/AppoX
14;Approva;https://myanimelist.net/profile/Approva
15;Apricates;https://myanimelist.net/profile/Apricates
16;Aprohdite;https://myanimelist.net/profile/Aprohdite
17;ApsMadMan;https://myanimelist.net/profile/ApsMadMan
18;APTX;https://myanimelist.net/profile/APTX
19;aqua247;https://myanimelist.net/profile/aqua247
20;aqualone;https://myanimelist.net/profile/aqualone
21;AquaQwerty;https://myanimelist.net/profile/AquaQwerty
22;AquarionLife;https://myanimelist.net/profile/AquarionLife
23;aquaruby;https://myanimelist.net/profile/aquaruby
24;aquayumenorii04;https://myanimelist.net/profile/aquayumenorii04
25;AqueousNucleus;https://myanimelist.net/profile/AqueousNucleus
26;aquiverouse;https://myanimelist.net/profile/aquiverouse
27;ar1os;https://myanimelist.net/profile/ar1os
28;AR898;https://myanimelist.net/profile/AR898
29;AraKi00;https://myanimelist.net/profile/AraKi00
30;Aramati;https://myanimelist.net/profile/Aramati
31;ARandomFolk;https://myanimelist.net/profile/ARandomFolk
32;Arappie;https://myanimelist.net/profile/Arappie
33;Araragi;https://myanimelist.net/profile/Araragi
34;Araragiri-san;https://myanimelist.net/profile/Araragiri-san
35;Arashi11;https://myanimelist.net/profile/Arashi11
0;Arashi23;https://myanimelist.net/profile/Arashi23
1;Arashifufu;https://myanimelist.net/profile/Arashifufu
2;Arashi_no_kage;https://myanimelist.net/profile/Arashi_no_kage
3;Arata25;https://myanimelist.net/profile/Arata25
4;Aravnia;https://myanimelist.net/profile/Aravnia
5;Arawaj;https://myanimelist.net/profile/Arawaj
6;Arawn;https://myanimelist.net/profile/Arawn
7;ArbiterofWhim;https://myanimelist.net/profile/ArbiterofWhim
8;Arbor;https://myanimelist.net/profile/Arbor
9;ArcAdeAlchemist;https://myanimelist.net/profile/ArcAdeAlchemist
10;Arcademos;https://myanimelist.net/profile/Arcademos
11;Arcadia07;https://myanimelist.net/profile/Arcadia07
12;ArcadiaZer0;https://myanimelist.net/profile/ArcadiaZer0
13;Arcaedes;https://myanimelist.net/profile/Arcaedes
14;ArcanaProphet;https://myanimelist.net/profile/ArcanaProphet
15;Arcangel696;https://myanimelist.net/profile/Arcangel696
16;ArcangelElijah;https://myanimelist.net/profile/ArcangelElijah
17;arcel;https://myanimelist.net/profile/arcel
18;Arcepty;https://myanimelist.net/profile/Arcepty
19;Arceus3315;https://myanimelist.net/profile/Arceus3315
20;arch-zero;https://myanimelist.net/profile/arch-zero
21;Archdaine;https://myanimelist.net/profile/Archdaine
22;Archdregs;https://myanimelist.net/profile/Archdregs
23;Archeins;https://myanimelist.net/profile/Archeins
24;archeryi;https://myanimelist.net/profile/archeryi
25;ArcherZero;https://myanimelist.net/profile/ArcherZero
26;ArchetypeEngine;https://myanimelist.net/profile/ArchetypeEngine
27;archimagik;https://myanimelist.net/profile/archimagik
28;archindar;https://myanimelist.net/profile/archindar
29;Archivalakaz;https://myanimelist.net/profile/Archivalakaz
30;ArchLu;https://myanimelist.net/profile/ArchLu
31;Archmen;https://myanimelist.net/profile/Archmen
32;Archonus;https://myanimelist.net/profile/Archonus
33;Arcinaru;https://myanimelist.net/profile/Arcinaru
34;ArcRAeZ101;https://myanimelist.net/profile/ArcRAeZ101
35;Arctic;https://myanimelist.net/profile/Arctic
0;Arctic_Way;https://myanimelist.net/profile/Arctic_Way
1;Arcturnus;https://myanimelist.net/profile/Arcturnus
2;Arcturus9001;https://myanimelist.net/profile/Arcturus9001
3;Arcuied;https://myanimelist.net/profile/Arcuied
4;ArcWizardMegumin;https://myanimelist.net/profile/ArcWizardMegumin
5;Arczer;https://myanimelist.net/profile/Arczer
6;Arc_Crid;https://myanimelist.net/profile/Arc_Crid
7;Ardanaz;https://myanimelist.net/profile/Ardanaz
8;Ardenleigh;https://myanimelist.net/profile/Ardenleigh
9;Ardent;https://myanimelist.net/profile/Ardent
10;Arejectedjoke;https://myanimelist.net/profile/Arejectedjoke
11;Ares3808;https://myanimelist.net/profile/Ares3808
12;Aresa2202;https://myanimelist.net/profile/Aresa2202
13;arestice;https://myanimelist.net/profile/arestice
14;Aretch;https://myanimelist.net/profile/Aretch
15;Aretheus;https://myanimelist.net/profile/Aretheus
16;Arezo;https://myanimelist.net/profile/Arezo
17;Are_Skodvin;https://myanimelist.net/profile/Are_Skodvin
18;argonautm16;https://myanimelist.net/profile/argonautm16
19;Argraagre_Rem;https://myanimelist.net/profile/Argraagre_Rem
20;ARHomura;https://myanimelist.net/profile/ARHomura
21;Ari-Unnie;https://myanimelist.net/profile/Ari-Unnie
22;Arianna;https://myanimelist.net/profile/Arianna
23;Aria_no_Kino;https://myanimelist.net/profile/Aria_no_Kino
24;Aricie;https://myanimelist.net/profile/Aricie
25;Aridus;https://myanimelist.net/profile/Aridus
26;Ariechan0_0;https://myanimelist.net/profile/Ariechan0_0
27;AriefHidayat;https://myanimelist.net/profile/AriefHidayat
28;arielleconan;https://myanimelist.net/profile/arielleconan
29;Aries;https://myanimelist.net/profile/Aries
30;Ariff_Larh;https://myanimelist.net/profile/Ariff_Larh
31;Arigatou-san;https://myanimelist.net/profile/Arigatou-san
32;Ariirii;https://myanimelist.net/profile/Ariirii
33;Arikon;https://myanimelist.net/profile/Arikon
34;Arillion;https://myanimelist.net/profile/Arillion
35;ArimaTaki;https://myanimelist.net/profile/ArimaTaki
0;Arimathea;https://myanimelist.net/profile/Arimathea
1;arisahongo;https://myanimelist.net/profile/arisahongo
2;Arisa_Lucifiria;https://myanimelist.net/profile/Arisa_Lucifiria
3;aristoia;https://myanimelist.net/profile/aristoia
4;arisu_otherworld;https://myanimelist.net/profile/arisu_otherworld
5;Ariyumi;https://myanimelist.net/profile/Ariyumi
6;arjupg;https://myanimelist.net/profile/arjupg
7;ArkanthaNero;https://myanimelist.net/profile/ArkanthaNero
8;ArkantosK;https://myanimelist.net/profile/ArkantosK
9;arkayan2000;https://myanimelist.net/profile/arkayan2000
10;Arkemm;https://myanimelist.net/profile/Arkemm
11;arkham-bat;https://myanimelist.net/profile/arkham-bat
12;Arkloy;https://myanimelist.net/profile/Arkloy
13;Arkmos;https://myanimelist.net/profile/Arkmos
14;ArmingAttanno;https://myanimelist.net/profile/ArmingAttanno
15;Armmine;https://myanimelist.net/profile/Armmine
16;Aropine;https://myanimelist.net/profile/Aropine
17;Arpit;https://myanimelist.net/profile/Arpit
18;Arquico;https://myanimelist.net/profile/Arquico
19;arrama;https://myanimelist.net/profile/arrama
20;arrancaralien;https://myanimelist.net/profile/arrancaralien
21;arrazolavguille;https://myanimelist.net/profile/arrazolavguille
22;arrekkusu;https://myanimelist.net/profile/arrekkusu
23;Arretezz;https://myanimelist.net/profile/Arretezz
24;Arrieta;https://myanimelist.net/profile/Arrieta
25;Arrivals;https://myanimelist.net/profile/Arrivals
26;arru34;https://myanimelist.net/profile/arru34
27;Arsariel;https://myanimelist.net/profile/Arsariel
28;arselum;https://myanimelist.net/profile/arselum
29;Arsene_Lucifer;https://myanimelist.net/profile/Arsene_Lucifer
30;ArsenicGodson;https://myanimelist.net/profile/ArsenicGodson
31;arsonal;https://myanimelist.net/profile/arsonal
32;Art05;https://myanimelist.net/profile/Art05
33;Artemys;https://myanimelist.net/profile/Artemys
34;Arthass;https://myanimelist.net/profile/Arthass
35;arthurpendragon7;https://myanimelist.net/profile/arthurpendragon7
0;ArtificialIdiocy;https://myanimelist.net/profile/ArtificialIdiocy
1;Artifiyings;https://myanimelist.net/profile/Artifiyings
2;Artistichooves;https://myanimelist.net/profile/Artistichooves
3;ArtistJenny;https://myanimelist.net/profile/ArtistJenny
4;Artoria_McAse;https://myanimelist.net/profile/Artoria_McAse
5;Artstyle;https://myanimelist.net/profile/Artstyle
6;art_fiend;https://myanimelist.net/profile/art_fiend
7;Arubi109;https://myanimelist.net/profile/Arubi109
8;Aruji-sama;https://myanimelist.net/profile/Aruji-sama
9;Arunumerique;https://myanimelist.net/profile/Arunumerique
10;arvin090592;https://myanimelist.net/profile/arvin090592
11;Arvsmageddon;https://myanimelist.net/profile/Arvsmageddon
12;ArwenKinoa;https://myanimelist.net/profile/ArwenKinoa
13;ARWiley1170;https://myanimelist.net/profile/ARWiley1170
14;Aryaryn;https://myanimelist.net/profile/Aryaryn
15;Arylon;https://myanimelist.net/profile/Arylon
16;Asagami;https://myanimelist.net/profile/Asagami
17;AsahinaKawaii;https://myanimelist.net/profile/AsahinaKawaii
18;Asaji;https://myanimelist.net/profile/Asaji
19;asami_shizuka;https://myanimelist.net/profile/asami_shizuka
20;Asanee;https://myanimelist.net/profile/Asanee
21;Asarattha;https://myanimelist.net/profile/Asarattha
22;Asaveria;https://myanimelist.net/profile/Asaveria
23;Asbestos_In_Cans;https://myanimelist.net/profile/Asbestos_In_Cans
24;Ascheking;https://myanimelist.net/profile/Ascheking
25;asdfghjk14789632;https://myanimelist.net/profile/asdfghjk14789632
26;Asdrock;https://myanimelist.net/profile/Asdrock
27;asekuro;https://myanimelist.net/profile/asekuro
28;Asenil;https://myanimelist.net/profile/Asenil
29;Asfg_abdo;https://myanimelist.net/profile/Asfg_abdo
30;asgardian;https://myanimelist.net/profile/asgardian
31;ash4kh;https://myanimelist.net/profile/ash4kh
32;AshAkinola;https://myanimelist.net/profile/AshAkinola
33;ashathe;https://myanimelist.net/profile/ashathe
34;AshcrowKnight;https://myanimelist.net/profile/AshcrowKnight
35;Ashdoll;https://myanimelist.net/profile/Ashdoll
0;AsheMichaelis;https://myanimelist.net/profile/AsheMichaelis
1;AshenChivalier;https://myanimelist.net/profile/AshenChivalier
2;AshenPaladin;https://myanimelist.net/profile/AshenPaladin
3;AshFangirlLisa;https://myanimelist.net/profile/AshFangirlLisa
4;Ashi700;https://myanimelist.net/profile/Ashi700
5;Ashina-sun;https://myanimelist.net/profile/Ashina-sun
6;ashire9009;https://myanimelist.net/profile/ashire9009
7;Ashirogi-Muto;https://myanimelist.net/profile/Ashirogi-Muto
8;ashirogimuto_;https://myanimelist.net/profile/ashirogimuto_
9;ashiya121;https://myanimelist.net/profile/ashiya121
10;Ashkun;https://myanimelist.net/profile/Ashkun
11;ashleysmash66;https://myanimelist.net/profile/ashleysmash66
12;Ashlyne;https://myanimelist.net/profile/Ashlyne
13;ashmayo;https://myanimelist.net/profile/ashmayo
14;Ashna;https://myanimelist.net/profile/Ashna
15;Ashourianime;https://myanimelist.net/profile/Ashourianime
16;AshrafHafiz;https://myanimelist.net/profile/AshrafHafiz
17;AshrffAmn;https://myanimelist.net/profile/AshrffAmn
18;AshuraSan;https://myanimelist.net/profile/AshuraSan
19;Ashura_rary;https://myanimelist.net/profile/Ashura_rary
20;Ash_DuQuennes;https://myanimelist.net/profile/Ash_DuQuennes
21;ash_fantasy;https://myanimelist.net/profile/ash_fantasy
22;AsianKungFu;https://myanimelist.net/profile/AsianKungFu
23;asianxweirdo;https://myanimelist.net/profile/asianxweirdo
24;asian_invasion;https://myanimelist.net/profile/asian_invasion
25;asian_rawr;https://myanimelist.net/profile/asian_rawr
26;AsiaRespect;https://myanimelist.net/profile/AsiaRespect
27;asif_shovon;https://myanimelist.net/profile/asif_shovon
28;Askalyon;https://myanimelist.net/profile/Askalyon
29;askfjqwkhfkasjf;https://myanimelist.net/profile/askfjqwkhfkasjf
30;AskingHansi;https://myanimelist.net/profile/AskingHansi
31;asmodlol;https://myanimelist.net/profile/asmodlol
32;asn-poring;https://myanimelist.net/profile/asn-poring
33;Asnshimmy;https://myanimelist.net/profile/Asnshimmy
34;asobou;https://myanimelist.net/profile/asobou
35;asolem;https://myanimelist.net/profile/asolem
0;aspampanzer;https://myanimelist.net/profile/aspampanzer
1;Aspeid;https://myanimelist.net/profile/Aspeid
2;Aspirin-han;https://myanimelist.net/profile/Aspirin-han
3;AssassinGirlAsh;https://myanimelist.net/profile/AssassinGirlAsh
4;Assassin_SYR;https://myanimelist.net/profile/Assassin_SYR
5;assthetic;https://myanimelist.net/profile/assthetic
6;AssumingControl;https://myanimelist.net/profile/AssumingControl
7;Assumi_Swu;https://myanimelist.net/profile/Assumi_Swu
8;assyrian;https://myanimelist.net/profile/assyrian
9;Astacar;https://myanimelist.net/profile/Astacar
10;Astalotte;https://myanimelist.net/profile/Astalotte
11;ASTARISUU;https://myanimelist.net/profile/ASTARISUU
12;Astaroth07;https://myanimelist.net/profile/Astaroth07
13;Asteris;https://myanimelist.net/profile/Asteris
14;asterisco;https://myanimelist.net/profile/asterisco
15;Astitva;https://myanimelist.net/profile/Astitva
16;AstolfoPlushh;https://myanimelist.net/profile/AstolfoPlushh
17;Astolfo_Waifu;https://myanimelist.net/profile/Astolfo_Waifu
18;Astraay;https://myanimelist.net/profile/Astraay
19;AstralGod;https://myanimelist.net/profile/AstralGod
20;AstralPrototype;https://myanimelist.net/profile/AstralPrototype
21;Astrames;https://myanimelist.net/profile/Astrames
22;AstridScarlet;https://myanimelist.net/profile/AstridScarlet
23;astro-kun;https://myanimelist.net/profile/astro-kun
24;astronomy9;https://myanimelist.net/profile/astronomy9
25;astroprogs;https://myanimelist.net/profile/astroprogs
26;astrospace6;https://myanimelist.net/profile/astrospace6
27;astrozombie84;https://myanimelist.net/profile/astrozombie84
28;Astro_Moose93;https://myanimelist.net/profile/Astro_Moose93
29;AstZero;https://myanimelist.net/profile/AstZero
30;asu01;https://myanimelist.net/profile/asu01
31;AsukaHellsoldier;https://myanimelist.net/profile/AsukaHellsoldier
32;AsukaLangley;https://myanimelist.net/profile/AsukaLangley
33;Asulk;https://myanimelist.net/profile/Asulk
34;Asuna-Lara95;https://myanimelist.net/profile/Asuna-Lara95
35;Asunakob;https://myanimelist.net/profile/Asunakob
0;Asuna_LMN;https://myanimelist.net/profile/Asuna_LMN
1;Asuna_Yukii;https://myanimelist.net/profile/Asuna_Yukii
2;Asuna_Yuuki930;https://myanimelist.net/profile/Asuna_Yuuki930
3;Asunyan;https://myanimelist.net/profile/Asunyan
4;AsuraDestructor;https://myanimelist.net/profile/AsuraDestructor
5;asxciie;https://myanimelist.net/profile/asxciie
6;Ataccot;https://myanimelist.net/profile/Ataccot
7;Atajacx;https://myanimelist.net/profile/Atajacx
8;Atalys;https://myanimelist.net/profile/Atalys
9;Atari-kun;https://myanimelist.net/profile/Atari-kun
10;Ataricorn;https://myanimelist.net/profile/Ataricorn
11;Atavian;https://myanimelist.net/profile/Atavian
12;Atavistic;https://myanimelist.net/profile/Atavistic
13;atecatwaffles;https://myanimelist.net/profile/atecatwaffles
14;Aterrolis;https://myanimelist.net/profile/Aterrolis
15;Atesz008;https://myanimelist.net/profile/Atesz008
16;Athalon-Zero;https://myanimelist.net/profile/Athalon-Zero
17;Atheal;https://myanimelist.net/profile/Atheal
18;AthenaFyr;https://myanimelist.net/profile/AthenaFyr
19;Athray;https://myanimelist.net/profile/Athray
20;Atik12;https://myanimelist.net/profile/Atik12
21;atikabubu;https://myanimelist.net/profile/atikabubu
22;AtiLion;https://myanimelist.net/profile/AtiLion
23;Atirag;https://myanimelist.net/profile/Atirag
24;AtisutoMeru;https://myanimelist.net/profile/AtisutoMeru
25;atKatlin;https://myanimelist.net/profile/atKatlin
26;Atomicipher;https://myanimelist.net/profile/Atomicipher
27;AtroSpecter;https://myanimelist.net/profile/AtroSpecter
28;Atsusupremo;https://myanimelist.net/profile/Atsusupremo
29;Atsutachi;https://myanimelist.net/profile/Atsutachi
30;atumsk;https://myanimelist.net/profile/atumsk
31;Atyqy4TW;https://myanimelist.net/profile/Atyqy4TW
32;AubreyShaw;https://myanimelist.net/profile/AubreyShaw
33;Audinga23;https://myanimelist.net/profile/Audinga23
34;AugmentedTurnip;https://myanimelist.net/profile/AugmentedTurnip
35;Auntie;https://myanimelist.net/profile/Auntie
0;Aura-;https://myanimelist.net/profile/Aura-
1;auraflash;https://myanimelist.net/profile/auraflash
2;Aurao;https://myanimelist.net/profile/Aurao
3;Aura_Mirai;https://myanimelist.net/profile/Aura_Mirai
4;Aure0lin;https://myanimelist.net/profile/Aure0lin
5;AureeD;https://myanimelist.net/profile/AureeD
6;Aureity;https://myanimelist.net/profile/Aureity
7;aureliodantas;https://myanimelist.net/profile/aureliodantas
8;aureliteri;https://myanimelist.net/profile/aureliteri
9;Aurelius_FOX;https://myanimelist.net/profile/Aurelius_FOX
10;Aureolus;https://myanimelist.net/profile/Aureolus
11;aurion;https://myanimelist.net/profile/aurion
12;Aurone;https://myanimelist.net/profile/Aurone
13;Aurora3500;https://myanimelist.net/profile/Aurora3500
14;AuroraDragneel;https://myanimelist.net/profile/AuroraDragneel
15;auroralol;https://myanimelist.net/profile/auroralol
16;AuroraWGrice;https://myanimelist.net/profile/AuroraWGrice
17;Aurora_27;https://myanimelist.net/profile/Aurora_27
18;Ausama95;https://myanimelist.net/profile/Ausama95
19;Ausco;https://myanimelist.net/profile/Ausco
20;AuserUwU;https://myanimelist.net/profile/AuserUwU
21;auspiciousgoblin;https://myanimelist.net/profile/auspiciousgoblin
22;Ausrine;https://myanimelist.net/profile/Ausrine
23;AustinDoujin;https://myanimelist.net/profile/AustinDoujin
24;autizem;https://myanimelist.net/profile/autizem
25;automnesouriant;https://myanimelist.net/profile/automnesouriant
26;AutoUser;https://myanimelist.net/profile/AutoUser
27;Autumnleaf99;https://myanimelist.net/profile/Autumnleaf99
28;auvers_blue;https://myanimelist.net/profile/auvers_blue
29;Auvie;https://myanimelist.net/profile/Auvie
30;Auxarius;https://myanimelist.net/profile/Auxarius
31;Auxel27;https://myanimelist.net/profile/Auxel27
32;Auxtrious;https://myanimelist.net/profile/Auxtrious
33;auzhia;https://myanimelist.net/profile/auzhia
34;aV-Yhova;https://myanimelist.net/profile/aV-Yhova
35;avalonneishere;https://myanimelist.net/profile/avalonneishere
0;AvantApres;https://myanimelist.net/profile/AvantApres
1;AvatarRevy;https://myanimelist.net/profile/AvatarRevy
2;Avato-chan;https://myanimelist.net/profile/Avato-chan
3;AveaAnnalise;https://myanimelist.net/profile/AveaAnnalise
4;Avechine;https://myanimelist.net/profile/Avechine
5;Avellina;https://myanimelist.net/profile/Avellina
6;AverageBastard;https://myanimelist.net/profile/AverageBastard
7;AverageIQ;https://myanimelist.net/profile/AverageIQ
8;AverageOrNotSo;https://myanimelist.net/profile/AverageOrNotSo
9;Aversa;https://myanimelist.net/profile/Aversa
10;AveryGamerDude;https://myanimelist.net/profile/AveryGamerDude
11;AvidLion;https://myanimelist.net/profile/AvidLion
12;AviJii;https://myanimelist.net/profile/AviJii
13;Avnore_Alter;https://myanimelist.net/profile/Avnore_Alter
14;avocado_toast;https://myanimelist.net/profile/avocado_toast
15;Avocalis;https://myanimelist.net/profile/Avocalis
16;Avok;https://myanimelist.net/profile/Avok
17;AvoKeiji;https://myanimelist.net/profile/AvoKeiji
18;Avoklan;https://myanimelist.net/profile/Avoklan
19;AVRAKEHDABRA;https://myanimelist.net/profile/AVRAKEHDABRA
20;awa2lay;https://myanimelist.net/profile/awa2lay
21;Awaken-Mist;https://myanimelist.net/profile/Awaken-Mist
22;AwakeN77;https://myanimelist.net/profile/AwakeN77
23;Awakenings;https://myanimelist.net/profile/Awakenings
24;Awashima;https://myanimelist.net/profile/Awashima
25;awdooksee;https://myanimelist.net/profile/awdooksee
26;awesome-49;https://myanimelist.net/profile/awesome-49
27;Awesome100500;https://myanimelist.net/profile/Awesome100500
28;awesomeninjabro;https://myanimelist.net/profile/awesomeninjabro
29;Awesomerthanpie;https://myanimelist.net/profile/Awesomerthanpie
30;awesomestarz;https://myanimelist.net/profile/awesomestarz
31;AwkwardFryingPan;https://myanimelist.net/profile/AwkwardFryingPan
32;Awoot;https://myanimelist.net/profile/Awoot
33;awrup;https://myanimelist.net/profile/awrup
34;awxsomeness;https://myanimelist.net/profile/awxsomeness
35;AX3M;https://myanimelist.net/profile/AX3M
0;AxBattler;https://myanimelist.net/profile/AxBattler
1;Axelander;https://myanimelist.net/profile/Axelander
2;axelrxse;https://myanimelist.net/profile/axelrxse
3;Axelucard;https://myanimelist.net/profile/Axelucard
4;Axel_U;https://myanimelist.net/profile/Axel_U
5;Axentia;https://myanimelist.net/profile/Axentia
6;Axicia;https://myanimelist.net/profile/Axicia
7;Axlicious;https://myanimelist.net/profile/Axlicious
8;Axlt1ne;https://myanimelist.net/profile/Axlt1ne
9;axsthetic;https://myanimelist.net/profile/axsthetic
10;axulia;https://myanimelist.net/profile/axulia
11;axzie;https://myanimelist.net/profile/axzie
12;Aya-Brea;https://myanimelist.net/profile/Aya-Brea
13;Ayaai;https://myanimelist.net/profile/Ayaai
14;ayaanos;https://myanimelist.net/profile/ayaanos
15;AyaChaos;https://myanimelist.net/profile/AyaChaos
16;AyakaNeko;https://myanimelist.net/profile/AyakaNeko
17;AyakaRuri;https://myanimelist.net/profile/AyakaRuri
18;Ayakasha1Laila;https://myanimelist.net/profile/Ayakasha1Laila
19;Ayakashi_UwU;https://myanimelist.net/profile/Ayakashi_UwU
20;Ayako-chan;https://myanimelist.net/profile/Ayako-chan
21;Ayame24;https://myanimelist.net/profile/Ayame24
22;Ayame91;https://myanimelist.net/profile/Ayame91
23;AYAME_KAYA;https://myanimelist.net/profile/AYAME_KAYA
24;ayanami000;https://myanimelist.net/profile/ayanami000
25;Ayanami22;https://myanimelist.net/profile/Ayanami22
26;ayanamichan85;https://myanimelist.net/profile/ayanamichan85
27;Ayanamina;https://myanimelist.net/profile/Ayanamina
28;Ayanashii;https://myanimelist.net/profile/Ayanashii
29;AyaNekoQueen1996;https://myanimelist.net/profile/AyaNekoQueen1996
30;AyanoHime;https://myanimelist.net/profile/AyanoHime
31;Ayanyaa;https://myanimelist.net/profile/Ayanyaa
32;Ayarho;https://myanimelist.net/profile/Ayarho
33;Ayarise;https://myanimelist.net/profile/Ayarise
34;AyaSaibara;https://myanimelist.net/profile/AyaSaibara
35;Ayase_Niconi;https://myanimelist.net/profile/Ayase_Niconi
0;Ayato_kn1;https://myanimelist.net/profile/Ayato_kn1
1;Ayato_Volvo;https://myanimelist.net/profile/Ayato_Volvo
2;Aylesworth;https://myanimelist.net/profile/Aylesworth
3;AYmane16;https://myanimelist.net/profile/AYmane16
4;Aymoragie;https://myanimelist.net/profile/Aymoragie
5;AyoItsAllie;https://myanimelist.net/profile/AyoItsAllie
6;AYoshiPoshi;https://myanimelist.net/profile/AYoshiPoshi
7;ayoubouah;https://myanimelist.net/profile/ayoubouah
8;ayoub_bmlk;https://myanimelist.net/profile/ayoub_bmlk
9;Ayu-sama-0510;https://myanimelist.net/profile/Ayu-sama-0510
10;Ayucchi_desu;https://myanimelist.net/profile/Ayucchi_desu
11;ayumiayuzawa;https://myanimelist.net/profile/ayumiayuzawa
12;Ayumi_Nanami;https://myanimelist.net/profile/Ayumi_Nanami
13;Ayunee;https://myanimelist.net/profile/Ayunee
14;Ayuzawaaa;https://myanimelist.net/profile/Ayuzawaaa
15;AyuzawaSakura;https://myanimelist.net/profile/AyuzawaSakura
16;Ayuzi;https://myanimelist.net/profile/Ayuzi
17;AyXiit;https://myanimelist.net/profile/AyXiit
18;azahinhasan;https://myanimelist.net/profile/azahinhasan
19;Azalez;https://myanimelist.net/profile/Azalez
20;azaria93;https://myanimelist.net/profile/azaria93
21;Azarkia;https://myanimelist.net/profile/Azarkia
22;Azazel_29;https://myanimelist.net/profile/Azazel_29
23;Azbj_Saj;https://myanimelist.net/profile/Azbj_Saj
24;AzeliaHartwoods;https://myanimelist.net/profile/AzeliaHartwoods
25;AzenaKira;https://myanimelist.net/profile/AzenaKira
26;azer467;https://myanimelist.net/profile/azer467
27;Azertity;https://myanimelist.net/profile/Azertity
28;Azhang88;https://myanimelist.net/profile/Azhang88
29;azhari_firdaus;https://myanimelist.net/profile/azhari_firdaus
30;Azizbapora2016;https://myanimelist.net/profile/Azizbapora2016
31;AzKoPo;https://myanimelist.net/profile/AzKoPo
32;Azmodes;https://myanimelist.net/profile/Azmodes
33;azn-tsume;https://myanimelist.net/profile/azn-tsume
34;Azn210;https://myanimelist.net/profile/Azn210
35;Aznaelli;https://myanimelist.net/profile/Aznaelli
0;AznBaka;https://myanimelist.net/profile/AznBaka
1;AznKokoro;https://myanimelist.net/profile/AznKokoro
2;AznPandaOo;https://myanimelist.net/profile/AznPandaOo
3;AZNsensation24;https://myanimelist.net/profile/AZNsensation24
4;aznsensation801;https://myanimelist.net/profile/aznsensation801
5;AznSnow17;https://myanimelist.net/profile/AznSnow17
6;Azokumi;https://myanimelist.net/profile/Azokumi
7;Azphix;https://myanimelist.net/profile/Azphix
8;AzRAELGoDLIkE;https://myanimelist.net/profile/AzRAELGoDLIkE
9;AzraelxlearzA;https://myanimelist.net/profile/AzraelxlearzA
10;azrielnoctis;https://myanimelist.net/profile/azrielnoctis
11;Azu;https://myanimelist.net/profile/Azu
12;Azucat_the_third;https://myanimelist.net/profile/Azucat_the_third
13;Azuen;https://myanimelist.net/profile/Azuen
14;Azukio-kun;https://myanimelist.net/profile/Azukio-kun
15;azuki_hanasaki;https://myanimelist.net/profile/azuki_hanasaki
16;AzulBlue;https://myanimelist.net/profile/AzulBlue
17;azulichigo;https://myanimelist.net/profile/azulichigo
18;azuna95;https://myanimelist.net/profile/azuna95
19;Azunyan_;https://myanimelist.net/profile/Azunyan_
20;Azunyan___;https://myanimelist.net/profile/Azunyan___
21;AzuraHawke;https://myanimelist.net/profile/AzuraHawke
22;AzureAceHD;https://myanimelist.net/profile/AzureAceHD
23;AzurealX;https://myanimelist.net/profile/AzurealX
24;AzureDaora;https://myanimelist.net/profile/AzureDaora
25;AzureHelix;https://myanimelist.net/profile/AzureHelix
26;Azure_Absol;https://myanimelist.net/profile/Azure_Absol
27;Azure_and_Claude;https://myanimelist.net/profile/Azure_and_Claude
28;Azuriel;https://myanimelist.net/profile/Azuriel
29;AzuriteZ;https://myanimelist.net/profile/AzuriteZ
30;Azusa_Mayumi;https://myanimelist.net/profile/Azusa_Mayumi
31;azuucul556;https://myanimelist.net/profile/azuucul556
32;Azuyorou;https://myanimelist.net/profile/Azuyorou
33;AZY-sama;https://myanimelist.net/profile/AZY-sama
34;Azzi132;https://myanimelist.net/profile/Azzi132
35;Azzo67890;https://myanimelist.net/profile/Azzo67890
0;azzul;https://myanimelist.net/profile/azzul
1;azzuRe;https://myanimelist.net/profile/azzuRe
2;A_Bit_of_Derp;https://myanimelist.net/profile/A_Bit_of_Derp
3;A_cute_loli;https://myanimelist.net/profile/A_cute_loli
4;a_c_e;https://myanimelist.net/profile/a_c_e
5;A_GODDAMN_POTATO;https://myanimelist.net/profile/A_GODDAMN_POTATO
6;A_Lonely_Jedi;https://myanimelist.net/profile/A_Lonely_Jedi
7;A_Meena;https://myanimelist.net/profile/A_Meena
8;a_new_challenger;https://myanimelist.net/profile/a_new_challenger
9;A_Weegee_Board;https://myanimelist.net/profile/A_Weegee_Board
10;B-Dawk20;https://myanimelist.net/profile/B-Dawk20
11;B1uebear_;https://myanimelist.net/profile/B1uebear_
12;b21an;https://myanimelist.net/profile/b21an
13;B33RU5;https://myanimelist.net/profile/B33RU5
14;B34STM0D39;https://myanimelist.net/profile/B34STM0D39
15;b4bydorito;https://myanimelist.net/profile/b4bydorito
16;B4nny;https://myanimelist.net/profile/B4nny
17;Baaaan;https://myanimelist.net/profile/Baaaan
18;Baamy;https://myanimelist.net/profile/Baamy
19;Bab3s;https://myanimelist.net/profile/Bab3s
20;babayuri;https://myanimelist.net/profile/babayuri
21;babecakesishere;https://myanimelist.net/profile/babecakesishere
22;babeeshka;https://myanimelist.net/profile/babeeshka
23;baboonwilson;https://myanimelist.net/profile/baboonwilson
24;baby;https://myanimelist.net/profile/baby
25;babybastian;https://myanimelist.net/profile/babybastian
26;babyblue999;https://myanimelist.net/profile/babyblue999
27;babymilo91;https://myanimelist.net/profile/babymilo91
28;babymimi;https://myanimelist.net/profile/babymimi
29;Back2Flame;https://myanimelist.net/profile/Back2Flame
30;backatagain;https://myanimelist.net/profile/backatagain
31;backdoornight;https://myanimelist.net/profile/backdoornight
32;Backpainz;https://myanimelist.net/profile/Backpainz
33;BackSpin_;https://myanimelist.net/profile/BackSpin_
34;Backstep1;https://myanimelist.net/profile/Backstep1
35;BackToThe2013;https://myanimelist.net/profile/BackToThe2013
